nombre_abreviado,tipo1,tipo2,sector,RFOSC,Tipo de organización,forma_org,alcance,alcance_estatal,figura_juridica,centralidad_grado_simple,fortaleza,centralidad_grado_ajustado,centralidad_eigenvalor,centralidad_cercania,centralidad_intermediacion,centralidad_Katz,componente,clustering_local_ponderado,clustering_local,bloque_similaridad_estructural,bloque_similaridad_regular,comunidad_infomap,flujo_en_modulo_infomap,knnw_conectividadProm_colaboradores_(ponderado),knn_conectividadProm_colaboradores
AA,CU,NA,CU,No,Paraguas,Cultural,nacional,Nacional,Informal,1,1,1,2.45367664761639E-18,1,0,1.0449320794,1,0,0,,1,,,1,1
AARC,CA,NA,CA,No,Discreta,Económico-gremial,local,Sinaloa,Asociación Civil,2,1,1.4142135624,0.000000002,59.565126346,0,10.0987708063,2,1,1,1,2,25,0.000600601,11.5,7
ABB,MIG,NA,MIG,Sí,Discreta,Civil,nacional,Nacional,Asociación Civil,5,2,3.1622776602,6.69887775722273E-05,76.8354044342,0,83.948349961,2,1,1,2,3,3,0.0012012,18,35.5
ABC,DD,NA,DD,No,Discreta,Civil,local,Estado de México,Asociación Civil,3,1,1.7320508076,3.39103756156874E-12,45.1899684173,0,1.3589374189,2,1,1,3,4,14,0.000600601,7,5
ACUDDEH,DD,NA,DD,No,Discreta,Civil,local,CDMX,Sociedad Civil,11,2,4.6904157598,1.0940688674298E-07,59.9144288125,4,43.6450470512,2,0.7075,0.6727272727,4,5,8,0.0012012,11.7272727273,16.5
ACVictorianoPol,PS,NA,PS,No,Discreta,Civil,local,Baja California Sur,Asociación Civil,5,1,2.2360679775,9.81470659046555E-18,2.7839709209,0,1.2788829578,3,1,1,,4,,,5.4,6
AEMAC,CU,NA,CU,Sí,Discreta,Cultural,local,CDMX,Asociación Civil,5,1,2.2360679775,8.55450837570402E-07,69.8036022999,0,99.5358416405,2,1,1,2,6,32,0.000600601,22,39
AHMLFMYMY,LG,MU,LG / MU,No,Discreta,Cultural,local,CDMX,Informal,9,1,3,3.29170536984329E-11,43.2143466269,0,2.9244456632,2,1,1,3,7,21,0.000600601,9.8888888889,12
AI,DD,SI,DD / SI,No,Matriz,Otra,internacional,Internacional,Asociación Internacional,8,3,4.8989794856,4.13501920900547E-07,74.8464873721,2714.5,53.2372667888,2,0.3492063492,0.3214285714,5,8,14,0.0018018,10.625,10.6666666667
AJTEAM,AM,NA,AM,No,Discreta,Económico-gremial,local,CDMX,Asociación Civil,2,4,2.8284271247,5.94703030039675E-07,90.0506058063,0,44.1846789447,2,1,1,6,9,6,0.0024024,20.5,10.25
ALCANO,CA,NA,CA,Sí,Matriz,Económico-gremial,nacional,Nacional,Asociación Civil,8,2,4,8.77698512044207E-08,66.039597441,0,95.2374025033,2,1,1,4,10,7,0.0012012,16.125,41.5
Alconsumidor,CS,NA,CS,Sí,Discreta,Urbano-gremial,local,CDMX,Asociación Civil,3,1,1.7320508076,4.63056826541193E-08,67.7301697016,0,18.2029143688,2,1,1,5,6,17,0.000600601,14,41
AMDJ,ED,SPB,ED / SPB,No,Discreta,Económico-gremial,local,Jalisco,Desconocida,1,1,1,5.07445060469079E-07,82.5251174877,0,45.7401156976,2,0,0,7,11,12,0.000600601,46,20
AMOTAC,TA,NA,TA,No,Matriz,Económico-gremial,nacional,Nacional,Asociación Civil,5,2,3.1622776602,7.87911511876465E-08,68.4126042881,0,41.4695479887,2,1,1,4,12,5,0.0012012,16.2,21
AMUCSS,ONO,NA,ONO,Sí,Paraguas,Económico-gremial,local,CDMX,Asociación Civil,11,2,4.6904157598,1.78331119677461E-07,66.7011895123,1,112.5985742723,2,0.5285714286,0.5636363636,4,13,5,0.0012012,19,68
ANAD,DD,PF,DD / PF,No,Discreta,Civil,nacional,Nacional,Asociación Civil,13,3,6.2449979984,7.97034447452141E-06,82.4539498555,2354,364.0739916842,2,0.2947530864,0.5,3,5,21,0.0018018,23.9230769231,37.3333333333
ANDAR,2P,DD,2P / DD,No,Paraguas,Civil,nacional,Nacional,Desconocida,3,1,1.7320508076,7.36102994284916E-18,1.7320508076,0,1.1481056257,4,1,1,,14,,,3,3
Anonymous,AC,NA,AC,No,Matriz,Otra,internacional,Internacional,Informal,2,1,1.4142135624,3.72256151198589E-07,67.6222374973,0,32.1481572024,2,1,1,8,8,13,0.000600601,12,8
ANP,AV,NA,AV,No,Paraguas,Civil,nacional,Nacional,Organización eventual,4,8,5.6568542495,0.0004592137,106.703053515,0,81.4668145587,2,0.8819444444,0.8333333333,9,14,1,0.0048048,21.75,22.25
ANUEE,CS,NA,CS,No,Paraguas,Urbano-gremial,nacional,Nacional,Desconocida,15,4,7.7459666924,5.50283533778412E-05,91.1844797796,794.25,507.7187313284,2,0.450255102,0.4857142857,2,15,4,0.0024024,25.6666666667,40
AP,AP,NA,AP,No,Discreta,Urbano-gremial,nacional,Nacional,Asociación Civil,5,1,2.2360679775,1.47220598856983E-17,2.7839709209,0,1.2788829578,3,1,1,,7,,,5.4,6
APIITDTT,IN,NA,IN,No,Paraguas,Indígena,regional,Regional,Desconocida,3,3,3,0.0001036585,83.1227808602,38,70.0081909355,2,0.5833333333,0.6666666667,10,16,26,0.0018018,27,20
APPG,RP,NA,RP,No,Paraguas,Civil,local,Guerrero,Desconocida,1,1,1,3.68051497142458E-18,1,0,1.0449320794,5,0,0,,17,,,1,1
ASPA,SPA,NA,SPA,No,Matriz,Económico-gremial,nacional,Nacional,Sindical,32,7,14.9666295471,0.0001171036,93.1490668571,695.8,1332.135159358,2,0.5918723941,0.4879032258,2,12,4,0.0042042,26.78125,38.2857142857
ASSA,SPA,NA,SPA,No,Matriz,Económico-gremial,nacional,Nacional,Sindical,20,4,8.94427191,6.37058997583484E-05,83.3553596882,18.5,986.1028620772,2,0.7028508772,0.7210526316,2,12,4,0.0024024,33.3,57.5
ATEM,RP,NA,RP,No,Paraguas,Económico-gremial,local,Michoacán,Desconocida,3,1,1.7320508076,5.23849007111418E-05,82.1186050865,0,151.5647210188,2,1,1,2,18,4,0.000600601,47,76
ATM,TA,NA,TA,No,Discreta,Económico-gremial,nacional,Nacional,Desconocida,32,7,14.9666295471,0.0001608639,103.417375469,151.25,1244.7449137002,2,0.5232060566,0.4455645161,11,12,4,0.0042042,26.625,41.1428571429
ATSEP,SPB,NA,SPB,No,Discreta,Económico-gremial,local,CDMX,Desconocida,1,1,1,4.24832448380543E-06,92.135824477,0,81.2666418519,2,0,0,11,19,4,0.000600601,77,32
Barzón,PR,NA,PR,Sí,Paraguas,Civil,nacional,Nacional,Asociación Civil,27,37,31.6069612586,1.63912012845E-05,111.0083537027,3884.5,347.5545437475,2,0.2382882883,0.2279202279,6,20,6,0.0222222,16.7777777778,7.4054054054
BaseMagAgs,ED,SPB,ED / SPB,No,Paraguas,Económico-gremial,local,Aguascalientes,Desconocida,1,1,1,3.68051497142458E-18,1,0,1.0449320794,6,0,0,,11,,,1,1
BLADP,DD,PF,DD / PF,No,Discreta,Civil,local,Puebla,Desconocida,9,2,4.2426406871,1.27772047962823E-05,67.6992390931,12,304.2477882267,2,0.6428571429,0.6666666667,2,5,11,0.0012012,29.1111111111,38.5
BlqUrbanoPopular,VE,NA,VE,No,Paraguas,Urbano-gremial,local,CDMX,Desconocida,1,1,1,4.37208830820853E-09,67.1623564601,0,3.7375712632,2,0,0,12,21,18,0.000600601,7,3
Brigada68,DD,NA,DD,No,Discreta,Civil,local,Puebla,Informal,6,1,2.4494897428,1.10202663319253E-05,63.307997273,0,124.444525765,2,1,1,2,5,11,0.000600601,20.3333333333,28
CAM,CA,NA,CA,Sí,Paraguas,Económico-gremial,nacional,Nacional,Asociación Civil,8,2,4,8.77698512142355E-08,66.039597441,0,95.2374025033,2,1,1,4,10,7,0.0012012,16.125,41.5
CAP,CA,NA,CA,Sí,Paraguas,Económico-gremial,nacional,Nacional,Asociación Civil,21,6,11.2249721603,4.763113898388E-07,80.3941445651,730,201.5005502698,2,0.2807539683,0.3142857143,4,10,25,0.0036036,14.8095238095,31
CAPR,SI,NA,SI,No,Discreta,Civil,internacional,Internacional,Desconocida,3,1,1.7320508076,1.18443240932442E-09,57.0671471382,0,5.1280829136,2,1,1,13,22,18,0.000600601,6.6666666667,6
CaravanaAyotzinapa,AV,NA,AV,No,Paraguas,Civil,nacional,Nacional,Organización eventual,1,1,1,0.000000107,67.1436493625,0,2.3272608557,2,0,0,14,14,1,0.000600601,3,3
CaravanaMadreTierra,RP,BC,RP / BC,No,Paraguas,Civil,nacional,Nacional,Organización eventual,3,1,1.7320508076,1.65461272291853E-07,69.4290241491,0,17.0089611117,2,1,1,15,14,13,0.000600601,7,9
CaravanaYaquis,RP,BC,RP / BC,No,Paraguas,Indígena,nacional,Nacional,Organización eventual,1,1,1,4.10165538112427E-06,76.1750579941,0,3.8534234413,2,0,0,10,16,26,0.000600601,3,5
CausaIndígena,IN,NA,IN,Sí,Discreta,Indígena,local,Puebla,Asociación Civil,8,1,2.8284271247,1.10135618028922E-07,59.8357291645,0,63.5297465631,2,1,1,2,16,11,0.000600601,17.25,67
CBAEMS-Gro,ED,SPB,ED / SPB,No,Discreta,Económico-gremial,local,Guerrero,Desconocida,2,1,1.4142135624,5.53569038784608E-06,76.2236517655,0,25.8508458059,2,1,1,16,23,1,0.000600601,17.5,96
CCC,CA,NA,CA,Sí,Paraguas,Económico-gremial,nacional,Nacional,Asociación Civil,35,10,18.7082869339,1.99282184107477E-05,98.0846908238,2805.8333333333,517.4002612829,2,0.3547058824,0.2420168067,1,10,5,0.00600601,18,27.3
CCCD-Pue,CA,NA,CA,Sí,Discreta,Económico-gremial,local,Puebla,Asociación Civil,8,1,2.8284271247,2.2248767915545E-08,54.820342482,0,38.6541528086,2,1,1,4,13,8,0.000600601,13.625,27
CCTI,AV,NA,AV,Sí,Matriz,Civil,local,CDMX,Asociación Civil,8,1,2.8284271247,2.22487679253597E-08,54.820342482,0,38.6541528086,2,1,1,4,24,8,0.000600601,13.625,27
CDD,RL,MU,RL / MU,Sí,Discreta,Matriz religiosa,local,CDMX,Asociación Civil,3,1,1.7320508076,1.47220598856983E-17,1.7320508076,0,1.1481056257,4,1,1,,25,,,3,3
CDDH_Fr_JuanLarios,DD,NA,DD,No,Discreta,Civil,local,Coahuila,Asociación Civil,9,2,4.2426406871,2.22503462675853E-08,55.559138607,351,38.7640999042,2,0.4375,0.7777777778,1,5,8,0.0012012,12.1111111111,13.5
CDHTlachinollan,DD,NA,DD,Sí,Discreta,Civil,local,Guerrero,Asociación Civil,3,3,3,1.26920545611364E-05,85.7368926301,351,30.8665315276,2,0.3333333333,0.3333333333,9,3,1,0.0018018,13.6666666667,39
CDHVitoria,2P,DD,2P / DD,Sí,Discreta,Civil,local,CDMX,Asociación Civil,8,1,2.8284271247,1.83862204662539E-05,66.7240430189,0,375.6444641582,2,1,1,2,3,4,0.000600601,40,123
CDMP,ED,SPB,ED / SPB,No,Discreta,Económico-gremial,local,Puebla,Informal,14,3,6.4807406984,2.37356396919495E-05,73.3171940604,207,333.125459953,2,0.4615384615,0.4505494505,2,9,11,0.0018018,21.2857142857,27.6666666667
CEB,RL,NA,RL,No,Matriz,Matriz religiosa,nacional,Nacional,Desconocida,5,1,2.2360679775,5.72439312019537E-10,52.3579927848,0,6.186886708,2,1,1,4,15,29,0.000600601,7.2,7
CECOP,AD,NA,AD,No,Discreta,Civil,local,Guerrero,Informal,10,11,10.4880884817,6.73631909023905E-05,105.0125458528,69.3333333333,201.715417546,2,0.8109427609,0.6222222222,9,26,1,0.00660661,19,22.0909090909
CEND-SNTE,SPB,ED,SPB / ED,No,Matriz,Económico-gremial,nacional,Nacional,Sindical,17,2,5.8309518948,2.11637887731872E-05,68.9253815612,0,693.2959368911,2,0.6701388889,0.6323529412,2,12,4,0.0012012,29.1764705882,72
CENEO,ES,NA,ES,No,Matriz,Urbano-gremial,local,Oaxaca,Desconocida,1,4,2,0.0007766372,105.3336898436,0,63.1826352635,2,0,0,17,27,3,0.0024024,65,12.5
Centro Prodh,DD,NA,DD,No,Discreta,Civil,local,CDMX,Asociación Civil,5,2,3.1622776602,4.13491493029977E-07,73.2370207599,24.5,52.6630171497,2,0.6666666667,0.6,5,5,14,0.0012012,13,13.5
CETEG,ED,SPB,ED / SPB,No,Matriz,Económico-gremial,local,Guerrero,Desconocida,32,93,54.5527267879,0.0012974158,131.4302928549,7133.8333333333,551.9885913848,2,0.2631402474,0.1713709677,9,28,1,0.0558559,16,3.9247311828
CE-UAEH,ES,NA,ES,No,Discreta,Urbano-gremial,local,Hidalgo,Comité Estudiantil,1,1,1,2.45367664761639E-18,1,0,1.0449320794,7,0,0,,7,,,1,1
CHYNAC,CU,NA,CU,No,Discreta,Cultural,local,Puebla,Asociación Civil,8,1,2.8284271247,1.10135618028922E-07,59.8357291645,0,63.5297465631,2,1,1,2,7,11,0.000600601,17.25,67
CIDHM,DD,NA,DD,No,Discreta,Civil,local,Morelos,Asociación Civil,5,3,3.8729833462,4.14001985951522E-05,100.1545090901,0,186.0276318089,2,0.8125,0.7,11,5,4,0.0018018,34.6,20.3333333333
CILAS,2P,NA,2P,No,Discreta,Civil,local,CDMX,Asociación Civil,17,3,7.1414284285,8.66672316408459E-07,72.7642215542,700,126.0395183882,2,0.3,0.3088235294,2,22,17,0.0018018,11.3529411765,18.6666666667
CIOAC,CA,NA,CA,Sí,Matriz,Económico-gremial,nacional,Nacional,Asociación Civil,24,18,20.7846096908,6.27220324239379E-06,103.3370522993,38.1666666667,305.7926320739,2,0.5454508857,0.3876811594,1,10,7,0.0108108,17.4583333333,13.9444444444
CIPO-RFM,IN,NA,IN,No,Discreta,Indígena,local,Oaxaca,Desconocida,4,1,2,2.12243523070418E-07,53.8953153729,0,9.1996258026,2,1,1,4,29,8,0.000600601,7,9
CiudadanosObs,FE,NA,FE,No,Discreta,Civil,local,San Luis Potosí,Asociación Civil,1,1,1,3.68051497142458E-18,1.5,0,1.0468713302,8,0,0,,4,,,2,2
CLE,AV,MIG,AV / MIG,No,Discreta,Civil,nacional,Nacional,Organización eventual,1,8,2.8284271247,1.22683832380819E-18,2.8284271247,0,1.0449320794,9,0,0,,5,,,1,1
CLEM,SP,NA,SP,No,Paraguas,Económico-gremial,local,Estado de México,Desconocida,5,1,2.2360679775,2.67179068831905E-05,70.9234796243,0,354.8623562503,2,1,1,2,18,4,0.000600601,55.4,88
ClubRotario,PS,NA,PS,No,Discreta,Civil,local,Baja California Sur,Asociación de Beneficiencia Privada,5,1,2.2360679775,1.96294131809311E-17,2.7839709209,0,1.2788829578,3,1,1,,4,,,5.4,6
CMDPDH,DD,NA,DD,Sí,Discreta,Civil,nacional,Nacional,Asociación Civil,8,1,2.8284271247,2.22487679253597E-08,54.820342482,0,38.6541528086,2,1,1,4,3,8,0.000600601,13.625,27
CMPM,ED,SPB,ED / SPB,No,Discreta,Económico-gremial,local,Estado de México,Informal,10,4,6.3245553203,0.0035871363,91.5402535665,0,304.786105696,2,0.7817460317,0.6666666667,18,11,9,0.0024024,30.9,88.25
CMT,SP,NA,SP,No,Paraguas,Económico-gremial,nacional,Nacional,Desconocida,7,1,2.6457513111,2.10658421293818E-05,63.0644601147,0,391.2637036043,2,1,1,2,18,4,0.000600601,37.1428571429,67
Cmte68,DD,NA,DD,No,Discreta,Civil,local,CDMX,Asociación Civil,6,3,4.2426406871,0.0001232684,93.5215871872,0,340.5475577538,2,0.7444444444,0.7333333333,2,5,12,0.0018018,52,56.3333333333
CmteAgroGto,CA,NA,CA,No,Matriz,Económico-gremial,local,Guanajuato,Asociación Civil,5,2,3.1622776602,7.87911511925538E-08,68.4126042881,0,41.4695479887,2,1,1,4,2,5,0.0012012,16.2,21
CmteAyotzinapa,ES,NA,ES,No,Discreta,Urbano-gremial,local,Guerrero,Comité Estudiantil,1,1,1,3.68051497142458E-18,1.5,0,1.0468713302,10,0,0,,26,,,2,2
CmteCerezo,DD,NA,DD,No,Discreta,Civil,local,CDMX,Desconocida,14,4,7.4833147735,4.97691490560701E-07,76.8433546787,511.25,79.7687025374,2,0.5673076923,0.4835164835,19,5,8,0.0024024,13.9285714286,21.75
CmteSolidaridadAyotz,AC,NA,AC,No,Discreta,Civil,nacional,Nacional,Informal,8,1,2.8284271247,1.83862204662539E-05,66.7240430189,0,375.6444641582,2,1,1,2,5,4,0.000600601,40,123
CNC,CA,NA,CA,No,Paraguas,Económico-gremial,nacional,Nacional,Desconocida,5,7,5.9160797831,6.89778014617191E-07,89.2796502279,1037,43.3324213004,2,0.2678571429,0.3,20,10,16,0.0042042,16.6,9.8571428571
CN-CI,FE,NA,FE,No,Paraguas,Económico-gremial,nacional,Nacional,Organización eventual,4,1,2,4.89516957418913E-05,74.9040676617,0,112.3245686127,2,1,1,4,18,13,0.000600601,26.5,65
CNCU,CA,RP,CA / RP,Sí,Matriz,Económico-gremial,nacional,Nacional,Asociación Civil,5,1,2.2360679775,9.67129192233595E-08,63.0566859844,0,66.4585163094,2,1,1,4,10,5,0.000600601,23.6,65
CNE,ES,NA,ES,No,Paraguas,Urbano-gremial,nacional,Nacional,Comité Estudiantil,2,1,1.4142135624,6.34557664997129E-06,75.9977297217,0,30.7664593108,2,1,1,9,15,1,0.000600601,20,116
CNI,IN,NA,IN,No,Matriz,Indígena,nacional,Nacional,Informal,4,1,2,1.75913572402364E-05,77.8680785606,0,222.8595016022,2,1,1,2,15,4,0.000600601,49.25,66
CNMLC,RE,NA,RE,No,Paraguas,Urbano-gremial,local,Oaxaca,Informal,1,1,1,0.0001941593,88.6903740291,0,63.1826352635,2,0,0,21,17,3,0.000600601,65,50
CNOC,PR,NA,PR,Sí,Paraguas,Económico-gremial,nacional,Nacional,Asociación Civil,4,1,2,2.37827842811581E-08,65.5212851566,0,13.8355089569,2,1,1,4,10,5,0.000600601,9.25,41
CNPA-MLN,CA,NA,CA,Sí,Paraguas,Económico-gremial,nacional,Nacional,Asociación Civil,56,52,53.9629502529,8.15410646075975E-05,126.1907027884,17205.0833333333,765.4626501666,2,0.1805124043,0.1428571429,1,10,5,0.0312312,15.6607142857,7.9615384615
CNPR,CA,NA,CA,Sí,Paraguas,Económico-gremial,nacional,Nacional,Asociación Civil,2,5,3.1622776602,1.4844162110835E-08,76.1099200337,0,2.9919478745,2,1,1,20,10,16,0.003003,3.5,2.4
CNSUESIC,SPB,ED,SPB / ED,No,Paraguas,Económico-gremial,nacional,Nacional,Desconocida,4,1,2,2.54146461070663E-05,69.6551191959,0,247.6819560788,2,1,1,2,18,4,0.000600601,44.25,43
CNTE,ED,SPB,ED / SPB,No,Matriz,Económico-gremial,nacional,Nacional,Informal,46,20,30.3315017762,6.02184617020986E-05,113.0349167674,9879,1040.4678069206,2,0.1166203704,0.1584541063,2,12,12,0.012012,15.5869565217,10.6
CNTE-10,ED,SPB,ED / SPB,No,Matriz,Económico-gremial,local,CDMX,Informal,7,3,4.582575695,0.0018185558,89.8258822066,0,259.622063414,2,1,1,1,28,3,0.0018018,34.5714285714,98
CNTE-11,ED,SPB,ED / SPB,No,Matriz,Económico-gremial,local,CDMX,Informal,4,2,2.8284271247,0.0001706387,77.0861158802,2076,164.982100188,2,0.3333333333,0.5,1,28,27,0.0012012,40,59
CNTE-14,ED,SPB,ED / SPB,No,Matriz,Económico-gremial,local,Guerrero,Informal,29,27,27.9821371593,0.0194513745,128.289810228,8603.5833333333,790.3929981055,2,0.4057513437,0.3448275862,9,28,1,0.0162162,23.8620689655,26
CNTE-15,ED,SPB,ED / SPB,No,Matriz,Económico-gremial,local,Hidalgo,Informal,1,1,1,2.45367664761639E-18,1,0,1.0449320794,7,0,0,,28,,,1,1
CNTE-18,ED,SPB,ED / SPB,No,Matriz,Económico-gremial,local,Michoacán,Informal,61,43,51.2152321092,0.0180930018,131.4747560047,7781.4,1483.2743293728,2,0.2799480897,0.1803278689,17,28,3,0.0258258,17.5737704918,17.3255813953
CNTE-19,ED,SPB,ED / SPB,No,Matriz,Económico-gremial,local,Morelos,Informal,12,3,6,0.0021999721,75.2081625983,4,310.7141637252,2,0.3345959596,0.5151515152,2,28,28,0.0018018,23.5833333333,148
CNTE-22,ED,SPB,ED / SPB,No,Matriz,Económico-gremial,local,Oaxaca,Informal,65,50,57.008771255,0.0230408685,132.5550216671,10312,1446.1077968257,2,0.217515811,0.1475961538,17,28,3,0.03003,16.3692307692,14.58
CNTE-23,ED,SPB,ED / SPB,No,Matriz,Económico-gremial,local,Puebla,Informal,20,5,10,0.0036311042,89.1320448155,746.9166666667,413.7387419932,2,0.4896616541,0.4421052632,4,28,11,0.003003,20.1,106.6
CNTE-32,ED,SPB,ED / SPB,No,Matriz,Económico-gremial,local,Veracruz,Informal,19,9,13.0766968306,0.0092542075,101.3119390525,182.5833333333,384.8173590938,2,0.5655864198,0.4678362573,1,28,3,0.00540541,18.5263157895,37.3333333333
CNTE-34,ED,SPB,ED / SPB,No,Matriz,Económico-gremial,local,Zacatecas,Informal,17,5,9.2195444573,7.18095659373091E-05,83.0056290454,1452,323.4461012691,2,0.2322916667,0.3235294118,22,28,15,0.003003,19.7647058824,37.6
CNTE-36,ED,SPB,ED / SPB,No,Matriz,Económico-gremial,local,Estado de México,Informal,17,11,13.6747943312,0.0030698833,100.2730879229,1014.6666666667,365.7719791934,2,0.3373241342,0.3308823529,18,28,9,0.00660661,20.4117647059,32.8181818182
CNTE-40,ED,SPB,ED / SPB,No,Matriz,Económico-gremial,local,Chiapas,Informal,13,121,39.6610640301,0.9993753489,117.0909604576,0,555.827817141,2,0.9939260024,0.7179487179,23,28,2,0.0726727,35.4615384615,2.8512396694
CNTE-7,ED,SPB,ED / SPB,No,Matriz,Económico-gremial,local,Chiapas,Informal,23,131,54.8908006865,1,120.8198272559,448.9166666667,668.3952613589,2,0.5577744457,0.4268774704,24,28,2,0.0786787,24.0869565217,2.9770992366
CNTE-9,ED,SPB,ED / SPB,No,Matriz,Económico-gremial,local,CDMX,Informal,28,23,25.3771550809,0.0196108469,122.4288964787,921.1666666667,875.7068670737,2,0.7025439,0.3783068783,17,28,3,0.0138138,25.6071428571,26.9130434783
COCEI,RP,NA,RP,No,Paraguas,Económico-gremial,local,Oaxaca,Desconocida,3,1,1.7320508076,7.36102994284916E-18,1.7320508076,0,1.1481056257,11,1,1,,18,,,3,3
COCEM,RP,NA,RP,No,Paraguas,Económico-gremial,nacional,Nacional,Desconocida,14,1,3.7416573868,9.7555854069197E-06,55.6094970253,0,704.8456056867,2,1,1,2,18,4,0.000600601,34.2142857143,127
COCYP,CA,NA,CA,Sí,Paraguas,Económico-gremial,nacional,Nacional,Asociación Civil,9,2,4.2426406871,2.10380798769293E-07,70.2474604805,2,106.2193014983,2,0.6428571429,0.6666666667,25,10,5,0.0012012,20.7777777778,49
CODEHUTAB,DD,NA,DD,No,Discreta,Civil,local,Tabasco,Asociación Civil,2,1,1.4142135624,4.90735329523277E-18,1.4142135624,0,1.0940919037,12,1,1,,5,,,2,2
CODUC,CA,NA,CA,Sí,Paraguas,Económico-gremial,nacional,Nacional,Asociación Civil,18,15,16.4316767252,0.000007244,104.4216673934,2285.9166666667,369.3526443855,2,0.6507843137,0.4379084967,1,10,7,0.00900901,23.7777777778,16.2666666667
Colectivo1Dic,FE,JO,FE / JO,No,Discreta,Civil,local,CDMX,Informal,3,1,1.7320508076,2.48521281508596E-07,63.7350390211,0,33.6605978585,2,1,1,8,22,13,0.000600601,9.3333333333,9
ColectivoAzul,EC,NA,EC,No,Discreta,Civil,local,San Luis Potosí,Desconocida,7,1,2.6457513111,1.51466975338792E-09,52.0006877768,0,18.1989889223,2,1,1,2,4,17,0.000600601,10.1428571429,12
ColectivoLabris,LG,MU,LG / MU,No,Discreta,Civil,local,CDMX,Desconocida,9,1,3,3.29170340690197E-11,43.2143466269,0,2.9244456632,2,1,1,3,22,21,0.000600601,9.8888888889,12
Colectivo SEP-SC,SPB,ED,SPB / ED,No,Paraguas,Económico-gremial,local,CDMX,Desconocida,5,1,2.2360679775,2.43988909011135E-09,45.2251190218,0,1.6464655523,2,1,1,2,19,27,0.000600601,5.2,6
ColectivoSolecito,AV,FA,AV / FA,No,Discreta,Civil,local,Veracruz,Desconocida,1,1,1,3.68051497142458E-18,1,0,1.0449320794,13,0,0,,4,,,1,1
ColonosTulpetlac,VE,NA,VE,No,Discreta,Urbano-gremial,local,Estado de México,Asociación Civil,3,1,1.7320508076,9.30543920259705E-06,67.0748487942,0,62.1895506789,2,1,1,4,21,9,0.000600601,14,16
CoMaFHiD,AV,FA,AV / FA,No,Discreta,Civil,local,Chihuahua,Informal,2,2,2,4.90735329523277E-18,2,1,1.0900309344,10,0,0,,4,,,1,1
COMDA,EC,NA,EC,No,Paraguas,Civil,nacional,Nacional,Desconocida,10,2,4.472135955,4.77605939371899E-08,69.59011425,510,34.0397653155,2,0.4444444444,0.5333333333,5,14,17,0.0012012,10.3,25.5
ComunaOax,AP,NA,AP,No,Discreta,Urbano-gremial,local,Oaxaca,Desconocida,7,2,3.7416573868,4.97235167834801E-05,72.5240089124,338.25,79.9145523927,2,0.625,0.5714285714,4,30,8,0.0012012,15.2857142857,32.5
CONACOCI,VE,NA,VE,No,Discreta,Urbano-gremial,local,Guerrero,Asociación Civil,4,1,2,4.41029933712531E-06,67.2499935552,0,93.8383832393,2,1,1,26,26,1,0.000600601,21,146
CONOC,CA,NA,CA,Sí,Paraguas,Económico-gremial,nacional,Nacional,Asociación Civil,7,2,3.7416573868,4.33058292544297E-08,73.7420174656,3,14.4911694111,2,0.625,0.5714285714,4,10,35,0.0012012,6.5714285714,21.5
CONORP,CA,NA,CA,No,Paraguas,Económico-gremial,nacional,Nacional,Desconocida,3,1,1.7320508076,0.000000056,65.7191274494,0,22.5013447098,2,1,1,25,10,5,0.000600601,12.6666666667,13
ConsejoWixarika,AD,IN,AD / IN,No,Discreta,Indígena,regional,Regional,Desconocida,3,1,1.7320508076,1.65461272304122E-07,69.4290241491,0,17.0089611117,2,1,1,15,29,13,0.000600601,7,9
CONSUCC,CA,NA,CA,Sí,Matriz,Económico-gremial,nacional,Nacional,Asociación Civil,5,2,3.1622776602,4.47861804998967E-07,80.0021508732,0,76.3730326408,2,0.9270833333,0.9,4,10,5,0.0012012,27,37
CooperativasTosepan,IN,CA,IN / CA,Sí,Paraguas,Indígena,local,Puebla,Desconocida,14,2,5.2915026221,1.11186680000687E-05,69.8262091858,55,179.6106501272,2,0.4951923077,0.5054945055,2,16,11,0.0012012,17.5714285714,46.5
CoordUnivApoyoAyotz,ES,NA,ES,No,Discreta,Urbano-gremial,local,Guerrero,Comité Estudiantil,1,1,1,0.000010933,84.8272341872,0,24.7355094295,2,0,0,9,26,1,0.000600601,32,93
COR,SP,NA,SP,No,Paraguas,Económico-gremial,nacional,Nacional,Desconocida,14,1,3.7416573868,9.7555854069197E-06,55.6094970253,0,704.8456056867,2,1,1,2,18,4,0.000600601,34.2142857143,127
CORSOPAL-Mex,SI,NA,SI,No,Paraguas,Civil,internacional,Internacional,Desconocida,1,1,1,7.20916916663975E-09,58.4241176614,0,5.2894181168,2,0,0,27,22,32,0.000600601,6,2
CP,AP,NA,AP,No,Discreta,Urbano-gremial,nacional,Nacional,Informal,5,1,2.2360679775,4.41724269132064E-05,73.8347841837,0,359.8038959463,2,1,1,2,7,4,0.000600601,56.4,113
CPSCDF,VE,NA,VE,No,Paraguas,Urbano-gremial,local,CDMX,Informal,7,3,4.582575695,5.18835343668944E-07,84.5003890442,1103,63.664447982,2,0.2222222222,0.4761904762,7,21,18,0.0018018,13,10
CROC,SP,NA,SP,No,Paraguas,Económico-gremial,nacional,Nacional,Desconocida,7,2,3.7416573868,1.96294131809311E-17,3.6502815399,10,1.3701183497,3,0.4166666667,0.5238095238,,18,,,4.1428571429,3.5
CROM,SP,NA,SP,No,Paraguas,Económico-gremial,nacional,Nacional,Desconocida,19,4,8.7177978871,7.31248386872753E-05,89.2296201882,1.4,831.8142882394,2,0.8408730159,0.7426900585,2,18,4,0.0024024,29.3157894737,39.25
CSDH_MnsrRomero,DD,RL,DD / RL,Sí,Matriz,Civil,local,CDMX,Asociación Civil,5,1,2.2360679775,8.72872054946767E-08,55.3075899929,0,14.3415170281,2,1,1,4,24,8,0.000600601,11.8,18
CSIM,IN,NA,IN,No,Discreta,Indígena,local,Michoacán,Desconocida,4,1,2,0.000040265,69.6119244289,0,79.8936989865,2,1,1,2,29,3,0.000600601,20.5,61
CT,SP,NA,SP,No,Paraguas,Económico-gremial,nacional,Nacional,Desconocida,14,1,3.7416573868,9.75558540690989E-06,55.6094970253,0,704.8456056867,2,1,1,2,18,4,0.000600601,34.2142857143,127
CTC,RP,NA,RP,No,Paraguas,Económico-gremial,nacional,Nacional,Desconocida,2,1,1.4142135624,4.90735329523277E-18,2.7839709209,0,1.1064943459,3,1,1,,18,,,4.5,3
CTM,RP,NA,RP,No,Paraguas,Económico-gremial,nacional,Nacional,Desconocida,2,1,1.4142135624,7.36102994284916E-18,2.7839709209,0,1.1064943459,3,1,1,,18,,,4.5,3
CUL,ES,NA,ES,No,Discreta,Urbano-gremial,local,Michoacán,Comité Estudiantil,4,4,4,7.42202965116702E-05,79.9707319574,351,157.1153036535,2,0.1666666667,0.5,28,7,30,0.0024024,36,18.5
CUTM,SP,NA,SP,No,Matriz,Económico-gremial,nacional,Nacional,Sindical,7,1,2.6457513111,4.63824288548328E-05,67.6689542851,0,296.7145070008,2,1,1,2,12,4,0.000600601,33.5714285714,113
DDESER,MU,DD,MU / DD,No,Matriz,Civil,nacional,Nacional,Desconocida,3,1,1.7320508076,4.90735329523277E-18,1.7320508076,0,1.1481056257,4,1,1,,24,,,3,3
DiálogoParlamOax,MU,NA,MU,Sí,Discreta,Civil,local,Oaxaca,Asociación Civil,4,1,2,2.12243523060603E-07,53.8953153729,0,9.1996258026,2,1,1,4,3,8,0.000600601,7,9
D-III-198-INBAL,SPB,NA,SPB,No,Discreta,Económico-gremial,local,CDMX,Sindical,5,1,2.2360679775,2.43988909992605E-09,45.2251190218,0,1.6464655523,2,1,1,2,19,27,0.000600601,5.2,6
D-III-20_Bibl,SPB,NA,SPB,No,Discreta,Económico-gremial,local,CDMX,Sindical,5,1,2.2360679775,2.4398890950187E-09,45.2251190218,0,1.6464655523,2,1,1,2,19,27,0.000600601,5.2,6
D-III-239-CENART,SPB,NA,SPB,No,Discreta,Económico-gremial,local,CDMX,Sindical,5,1,2.2360679775,2.43988910974076E-09,45.2251190218,0,1.6464655523,2,1,1,2,19,27,0.000600601,5.2,6
D-III-24_INAH,SPB,NA,SPB,No,Discreta,Económico-gremial,local,CDMX,Sindical,5,1,2.2360679775,2.4398890950187E-09,45.2251190218,0,1.6464655523,2,1,1,2,19,27,0.000600601,5.2,6
Diócesis_SnCristóbal,RL,IN,RL / IN,No,Discreta,Indígena,local,Chiapas,Informal,1,5,2.2360679775,3.68051497142458E-18,2.2360679775,0,1.0449320794,14,0,0,,29,,,1,1
DMBMT,ED,SPB,ED / SPB,No,Discreta,Económico-gremial,local,Tlaxcala,Desconocida,2,1,1.4142135624,9.68145863132701E-06,59.7025561104,0,16.1698512689,2,1,1,29,11,20,0.000600601,9,7
EDUCA,2P,NA,2P,Sí,Discreta,Civil,local,Oaxaca,Asociación Civil,4,1,2,2.1224352306551E-07,53.8953153729,0,9.1996258026,2,1,1,4,3,8,0.000600601,7,9
ElCampoEsDeTodos,CA,IN,CA / IN,No,Paraguas,Económico-gremial,nacional,Nacional,Informal,13,3,6.2449979984,0.000000435,75.0558777059,1,149.1059952495,2,0.6826388889,0.6282051282,4,10,5,0.0018018,20.2307692308,54.3333333333
EPC,CS,NA,CS,Sí,Discreta,Urbano-gremial,local,CDMX,Asociación Civil,5,2,3.1622776602,4.63122581100393E-08,69.4963889319,897,18.4734669559,2,0.375,0.4,5,6,14,0.0012012,9.4,21.5
EslabonesPorLaPaz,AV,NA,AV,No,Discreta,Civil,local,CDMX,Desconocida,4,1,2,1.74736047846375E-07,70.0051143857,0,43.6749139157,2,1,1,4,22,8,0.000600601,23.75,65
EvoluciónMexicana,DD,NA,DD,No,Discreta,Civil,local,Nuevo León,Desconocida,2,1,1.4142135624,4.90735329523277E-18,1.4142135624,0,1.0940919037,15,1,1,,5,,,2,2
FAC,CA,NA,CA,No,Paraguas,Económico-gremial,nacional,Nacional,Desconocida,15,17,15.9687194227,6.60451783224313E-06,104.6847953771,19.9166666667,238.8796167485,2,0.831372549,0.580952381,1,10,7,0.0102102,20.2,11.0588235294
FACMEO,RP,NA,RP,No,Matriz,Civil,local,Oaxaca,Desconocida,1,2,1.4142135624,0.0003883186,97.5087563414,0,63.1826352635,2,0,0,17,27,3,0.0012012,65,25
FALP,RP,NA,RP,No,Paraguas,Civil,local,Oaxaca,Desconocida,4,1,2,4.9615804778936E-05,70.8476992596,0,78.7767271496,2,1,1,4,17,8,0.000600601,24.5,63
FAM,FE,RP,FE / RP,No,Paraguas,Civil,local,Morelos,Desconocida,3,1,1.7320508076,1.71757365333147E-17,1.7320508076,0,1.1481056257,16,1,1,,14,,,3,7
FAO-MSX,AD,NA,AD,No,Paraguas,Civil,local,San Luis Potosí,Desconocida,7,1,2.6457513111,1.51466975338792E-09,52.0006877768,0,18.1989889223,2,1,1,2,14,17,0.000600601,10.1428571429,12
FASU,RP,NA,RP,No,Paraguas,Económico-gremial,nacional,Nacional,Desconocida,21,5,10.246950766,0.0020337004,87.9940479536,2.3333333333,839.0106453092,2,0.6538888889,0.4904761905,2,18,4,0.003003,30.380952381,106.6
FAT,RP,NA,RP,No,Paraguas,Económico-gremial,nacional,Nacional,Desconocida,9,2,4.2426406871,5.83211671652624E-06,75.4132522188,117.5,222.0355974371,2,0.465625,0.4722222222,2,18,18,0.0012012,22.6666666667,32
FCSxM,AP,NA,AP,No,Paraguas,Urbano-gremial,local,Michoacán,Desconocida,6,8,6.9282032303,0.0006937172,107.1207617429,0,87.0939538478,2,0.9466666667,0.8666666667,30,7,3,0.0048048,15.5,8.25
FDAN,SPA,NA,SPA,No,Paraguas,Económico-gremial,nacional,Nacional,Asociación Civil,3,1,1.7320508076,5.09308527987633E-07,62.7640817048,0,105.208186961,2,1,1,2,18,4,0.000600601,18.3333333333,12
FDC,CA,NA,CA,Sí,Discreta,Económico-gremial,local,Chihuahua,Asociación Civil,9,20,13.416407865,1.83969384469094E-06,99.2899214701,78,96.4762829767,2,0.4416666667,0.4444444444,6,13,6,0.012012,17.5555555556,7.9
FDEASER,RP,NA,RP,No,Discreta,Económico-gremial,local,Puebla,Desconocida,7,1,2.6457513111,1.26808125748443E-05,65.5721048537,0,298.1074542736,2,1,1,2,9,11,0.000600601,35.2857142857,74
FDL,DD,NA,DD,No,Discreta,Civil,local,Michoacán,Asociación Civil,1,1,1,4.19450508149072E-09,62.5652767174,0,4.4459083329,2,0,0,19,5,8,0.000600601,16,6
FDOMEZ-FNLS,CT,NA,CT,No,Discreta,Indígena,regional,Regional,Desconocida,1,1,1,0.000000004,59.0987905848,0,2.2621811387,2,0,0,31,29,34,0.000600601,3,2
FDPAS,CA,NA,CA,No,Matriz,Económico-gremial,local,Sinaloa,Asociación Civil,2,1,1.4142135624,0.000000002,59.565126346,0,10.0987708063,2,1,1,1,2,25,0.000600601,11.5,7
FECSM,ES,NA,ES,No,Matriz,Urbano-gremial,nacional,Nacional,Informal,8,23,13.5646599663,0.0002086422,114.8675942164,348,140.2546484009,2,0.8545548654,0.3928571429,32,15,1,0.0138138,18.875,8.0869565217
FeministasCom,MU,NA,MU,No,Discreta,Civil,internacional,Internacional,Informal,9,1,3,3.29170340690197E-11,43.2143466269,0,2.9244456632,2,1,1,3,4,21,0.000600601,9.8888888889,12
FENR-Cd.Juarez,ED,SPB,ED / SPB,No,Discreta,Urbano-gremial,local,Chihuahua,Informal,1,1,1,2.46500592068659E-05,64.3093283395,0,5.7837282663,2,0,0,33,11,10,0.000600601,6,14
FICAM,IN,CA,IN / CA,No,Paraguas,Indígena,nacional,Nacional,Desconocida,25,15,19.364916731,6.67847910762076E-06,113.1512696404,4405.75,329.321183126,2,0.4301421958,0.2766666667,1,16,5,0.00900901,17.92,16.8
FIOAC,CA,NA,CA,No,Discreta,Económico-gremial,local,Hidalgo,Desconocida,10,4,6.3245553203,4.15666763038885E-06,81.8231692441,7.5,202.9647099389,2,0.8958333333,0.8444444444,4,2,7,0.0024024,24.3,37.25
FNF,PX,RL,PX / RL,No,Matriz,Cultural,nacional,Nacional,Desconocida,1,1,1,3.68051497142458E-18,1,0,1.0449320794,17,0,0,,1,,,1,1
FNLS,AP,NA,AP,No,Paraguas,Urbano-gremial,nacional,Nacional,Desconocida,2,3,2.4494897428,4.19569682855795E-09,63.6100922172,351,4.4972236995,2,0,0,19,15,8,0.0018018,8.5,2.6666666667
FO,VE,NA,VE,No,Paraguas,Urbano-gremial,local,Estado de México,Desconocida,3,1,1.7320508076,2.48521281506142E-07,63.7350390211,0,33.6605978585,2,1,1,8,21,13,0.000600601,9.3333333333,9
FOCTEO,FE,NA,FE,No,Paraguas,Civil,local,Oaxaca,Desconocida,3,1,1.7320508076,6.60581589029828E-05,73.637235314,0,74.574993904,2,1,1,21,17,3,0.000600601,27,57
FODEG,RP,NA,RP,No,Paraguas,Civil,local,Guerrero,Desconocida,5,2,3.1622776602,1.0611734463458E-05,77.7369835948,0,103.7396090155,2,1,1,26,17,1,0.0012012,19,88
FPDT,RP,NA,RP,No,Discreta,Civil,regional,Regional,Desconocida,15,7,10.246950766,5.85749023300282E-05,108.6618637328,3152.1666666667,338.28349898,2,0.2789115646,0.2285714286,11,4,13,0.0042042,23.3333333333,27.4285714286
FPDTA-MPT,AD,NA,AD,No,Discreta,Civil,regional,Regional,Desconocida,3,1,1.7320508076,7.93653884437679E-06,69.1574034423,0,32.4703922357,2,1,1,26,4,28,0.000600601,11,39
FPFV,VE,NA,VE,Sí,Paraguas,Urbano-gremial,nacional,Nacional,Asociación Civil,26,10,16.1245154966,1.96627668816214E-05,101.6673344233,3906.75,371.3106261131,2,0.2201142857,0.1846153846,1,15,5,0.00600601,17.6153846154,22.1
FPFVI,VE,NA,VE,No,Paraguas,Urbano-gremial,local,CDMX,Desconocida,9,3,5.1961524227,4.07129448423785E-07,78.7666804772,933,67.0711027101,2,0.25,0.2777777778,13,21,18,0.0018018,13.4444444444,24
FPLZ,RP,NA,RP,Sí,Paraguas,Civil,local,Zacatecas,Asociación Civil,9,6,7.3484692283,1.51033963864509E-05,98.8484244084,1895,159.7258215696,2,0.3666666667,0.3888888889,1,20,15,0.0036036,21.2222222222,19.8333333333
FPR,RP,NA,RP,No,Paraguas,Económico-gremial,nacional,Nacional,Desconocida,13,6,8.8317608663,0.0004104214,99.9419105316,120,190.3635791299,2,0.3900462963,0.2564102564,17,18,3,0.0036036,15,17.6666666667
FP RO,RP,NA,RP,No,Discreta,Civil,local,CDMX,Desconocida,8,2,4,1.33555943168957E-08,62.1033366257,148,23.8027425986,2,0.4285714286,0.4642857143,13,22,18,0.0012012,7.25,7.5
Frayba,DD,NA,DD,No,Discreta,Civil,local,Chiapas,Asociación Civil,8,1,2.8284271247,2.22487679253597E-08,54.820342482,0,38.6541528086,2,1,1,4,5,8,0.000600601,13.625,27
FSM,SP,NA,SP,No,Paraguas,Económico-gremial,nacional,Nacional,Desconocida,36,5,13.416407865,0.0001052408,87.9067129974,19.8833333333,1425.1300444555,2,0.5535204082,0.4444444444,2,18,4,0.003003,25.8611111111,59
FSPLI,JO,NA,JO,No,Discreta,Urbano-gremial,local,CDMX,Asociación Civil,1,1,1,4.90735329523277E-18,1,0,1.0449320794,18,0,0,,7,,,1,1
FSSP,RP,NA,RP,No,Paraguas,Urbano-gremial,local,Zacatecas,Desconocida,2,1,1.4142135624,6.39054217480346E-08,68.2639719618,0,8.2217453788,2,1,1,1,20,15,0.000600601,5.5,7
FteCívicoTeotihuacán,BC,NA,BC,No,Paraguas,Cultural,local,Estado de México,Desconocida,5,1,2.2360679775,1.22072849180017E-08,56.1738473699,0,20.6147535794,2,1,1,2,1,18,0.000600601,9.2,11
FteContraGpoMex,AD,NA,AD,No,Discreta,Civil,local,Sonora,Desconocida,1,1,1,3.68051497142458E-18,1,0,1.0449320794,19,0,0,,4,,,1,1
FUERSA,SPB,NA,SPB,No,Paraguas,Económico-gremial,local,Guerrero,Desconocida,5,1,2.2360679775,4.94094342060386E-06,71.8024135821,0,129.8497278015,2,1,1,2,23,1,0.000600601,27.2,185
FUL-APPO,RP,NA,RP,No,Paraguas,Civil,local,Oaxaca,Desconocida,3,4,3.4641016151,0.0005850429,102.285479794,0,74.574993904,2,1,1,17,17,3,0.0024024,27,14.5
Fundar,2P,NA,2P,Sí,Discreta,Civil,local,CDMX,Asociación Civil,13,2,5.0990195136,1.67829036950596E-07,65.487721758,44,120.0228628407,2,0.4583333333,0.4615384615,4,3,17,0.0012012,16.0769230769,66.5
FUNDEM,AV,NA,AV,No,Paraguas,Civil,nacional,Nacional,Desconocida,1,1,1,1.87497786906289E-10,47.7595752435,0,2.6668562959,2,0,0,34,14,8,0.000600601,9,2
FUNPEG,ES,NA,ES,No,Matriz,Urbano-gremial,local,Guerrero,Desconocida,6,19,10.677078252,0.0001637165,110.4067853299,0,145.874134637,2,0.9785964912,0.9333333333,32,26,1,0.0114114,25.5,10.6315789474
FUSION,SP,NA,SP,No,Paraguas,Económico-gremial,local,Guerrero,Desconocida,2,1,1.4142135624,9.88089110318132E-05,79.3315818273,0,71.3682691661,2,1,1,21,18,3,0.000600601,39,56
GEA,EC,NA,EC,Sí,Discreta,Civil,local,CDMX,Asociación Civil,4,1,2,1.96140848862487E-08,64.7466222178,0,5.3011926643,2,1,1,4,3,35,0.000600601,6.25,21
GPM,EC,SI,EC / SI,No,Matriz,Civil,nacional,Nacional,Desconocida,4,1,2,1.96140848862487E-08,64.7466222178,0,5.3011926643,2,1,1,4,24,35,0.000600601,6.25,21
¡HastaEncontrarlos!,AV,NA,AV,No,Discreta,Civil,local,CDMX,Desconocida,16,6,9.7979589711,4.97761557878642E-07,78.0367543285,1569.75,80.137403091,2,0.3277777778,0.3666666667,4,22,8,0.0036036,12.25,14.8333333333
HelechoVerde,MU,NA,MU,No,Discreta,Civil,local,CDMX,Desconocida,9,1,3,3.29170438837263E-11,43.2143466269,0,2.9244456632,2,1,1,3,22,21,0.000600601,9.8888888889,12
HIJOS-Mex,AV,NA,AV,No,Discreta,Civil,internacional,Internacional,Desconocida,3,1,1.7320508076,2.43178395772214E-07,60.7187652011,0,7.6939372863,2,1,1,5,4,14,0.000600601,6,7
IPLP,RL,NA,RL,No,Discreta,Matriz religiosa,local,CDMX,Desconocida,4,1,2,4.168669696098E-08,62.6212291132,0,19.4791698311,2,1,1,25,25,36,0.000600601,9.5,13
IVC,CA,NA,CA,No,Paraguas,Económico-gremial,nacional,Nacional,Desconocida,6,1,2.4494897428,1.66516423140854E-07,63.5678530442,0,107.7308567584,2,1,1,4,10,7,0.000600601,25.1666666667,123
JudíosPalestina,SI,NA,SI,No,Discreta,Civil,internacional,Internacional,Desconocida,5,1,2.2360679775,8.55450837560587E-07,69.8036022999,0,99.5358416405,2,1,1,2,22,32,0.000600601,22,39
LasAbejas,IN,NA,IN,No,Discreta,Indígena,local,Chiapas,Sociedad Civil,1,1,1,3.68051497142458E-18,1,0,1.0449320794,20,0,0,,29,,,1,1
LIMEDDH,DD,NA,DD,No,Discreta,Civil,nacional,Nacional,Asociación Civil,4,1,2,4.89516957418962E-05,74.9040676617,0,112.3245686127,2,1,1,4,5,13,0.000600601,26.5,65
LunasLesbianas,LG,MU,LG / MU,No,Discreta,Civil,local,Estado de México,Informal,9,1,3,3.29170438837263E-11,43.2143466269,0,2.9244456632,2,1,1,3,4,21,0.000600601,9.8888888889,12
LUS,AP,NA,AP,No,Matriz,Urbano-gremial,nacional,Nacional,Desconocida,3,1,1.7320508076,1.70107658111145E-07,70.4536326573,0,50.7283623276,2,1,1,7,15,17,0.000600601,19.6666666667,23
MAES,ES,NA,ES,No,Discreta,Urbano-gremial,local,CDMX,Informal,2,2,2,9.84750853418928E-05,81.0785147194,0,69.1772481584,2,1,1,35,7,24,0.0012012,35.5,26.5
MAIZ,CA,IN,CA / IN,Sí,Paraguas,Económico-gremial,nacional,Nacional,Asociación Civil,10,17,13.0384048104,9.22787306187416E-06,112.1357322707,1877,74.9341816397,2,0.4357298475,0.4222222222,36,10,5,0.0102102,15,6.1764705882
MAO-LN,VE,NA,VE,No,Discreta,Urbano-gremial,local,Chiapas,Desconocida,1,1,1,1.22683832380819E-18,1,0,1.0449320794,21,0,0,,7,,,1,1
MAR,ES,NA,ES,No,Discreta,Urbano-gremial,nacional,Nacional,Informal,1,3,1.7320508076,1.87630446482267E-06,70.3043557037,0,7.7559580571,2,0,0,37,7,30,0.0018018,4,1.3333333333
MAS,VE,NA,VE,No,Discreta,Urbano-gremial,local,Puebla,Desconocida,6,1,2.4494897428,1.10202663319253E-05,63.307997273,0,124.444525765,2,1,1,2,7,11,0.000600601,20.3333333333,28
MBMH,ED,SPB,ED / SPB,No,Discreta,Económico-gremial,local,Hidalgo,Desconocida,3,2,2.4494897428,4.77339080939759E-07,71.802205257,351,29.3530497362,2,0.25,0.3333333333,1,11,34,0.0012012,12.3333333333,6.5
MBMT,ED,SPB,ED / SPB,No,Discreta,Económico-gremial,local,Tlaxcala,Desconocida,3,2,2.4494897428,1.95364580850717E-05,78.1096921208,304,62.2903590086,2,0.25,0.3333333333,29,11,20,0.0012012,20.6666666667,12.5
MC_Justicia5Jun,AV,NA,AV,No,Discreta,Civil,local,Sonora,Desconocida,3,1,1.7320508076,2.48521281511049E-07,63.7350390211,0,33.6605978585,2,1,1,8,4,13,0.000600601,9.3333333333,9
MDM-Edomex,ED,SPB,ED / SPB,No,Matriz,Económico-gremial,local,Estado de México,Informal,3,1,1.7320508076,9.3054392025995E-06,67.0748487942,0,62.1895506789,2,1,1,4,28,9,0.000600601,14,16
MDM-Zac,ED,SPB,ED / SPB,No,Discreta,Económico-gremial,local,Zacatecas,Informal,2,1,1.4142135624,3.66196280812156E-07,69.7882429352,0,21.7763926821,2,1,1,22,11,15,0.000600601,13,11
MENA,ES,NA,ES,No,Discreta,Urbano-gremial,local,CDMX,Informal,6,3,4.2426406871,0.0001103971,83.6334710817,159,139.409602208,2,0.3333333333,0.4666666667,21,7,24,0.0018018,22.8333333333,25.6666666667
METAB,EC,NA,EC,Sí,Discreta,Civil,local,Tabasco,Asociación Civil,2,1,1.4142135624,7.36102994284916E-18,1.4142135624,0,1.0940919037,12,1,1,,3,,,2,2
MIOCUP-CNPA-MN,IN,NA,IN,No,Discreta,Indígena,local,Puebla,Desconocida,14,3,6.4807406984,1.04902136994638E-05,71.1937200357,472,115.5625583004,2,0.3226495726,0.4065934066,2,29,11,0.0018018,13.5714285714,26.3333333333
M_LosSinTecho,VE,NA,VE,No,Discreta,Urbano-gremial,local,Hidalgo,Desconocida,1,1,1,2.45367664761639E-18,1,0,1.0449320794,22,0,0,,7,,,1,1
MMB,ED,SPB,ED / SPB,No,Paraguas,Económico-gremial,local,Morelos,Informal,6,3,4.2426406871,0.0001730225,90.1947363624,201,179.1145649047,2,0.4166666667,0.5333333333,30,11,28,0.0018018,28.6666666667,29.3333333333
MMCRE,ED,SPB,ED / SPB,No,Paraguas,Económico-gremial,local,Estado de México,Informal,6,2,3.4641016151,1.56415801237388E-05,79.8338506643,26.1666666667,56.2451202464,2,0.4,0.4,4,11,9,0.0012012,12.5,22
MMM,MIG,NA,MIG,Sí,Discreta,Civil,nacional,Nacional,Asociación Civil,1,8,2.8284271247,1.22683832380819E-18,2.8284271247,0,1.0449320794,9,0,0,,3,,,1,1
MMPV,ED,SPB,ED / SPB,No,Discreta,Económico-gremial,local,Veracruz,Informal,2,2,2,0.0001932066,81.9097284981,0,81.3279426041,2,1,1,30,11,3,0.0012012,40,26
MMSC,SI,NA,SI,No,Discreta,Civil,local,CDMX,Desconocida,4,1,2,4.16866969560726E-08,62.6212291132,0,19.4791698311,2,1,1,25,22,36,0.000600601,9.5,13
MMSP,SI,NA,SI,No,Paraguas,Civil,local,CDMX,Desconocida,6,2,3.4641016151,8.55511485110823E-07,70.4945853055,351,99.7539096933,2,0.4,0.6666666667,1,22,32,0.0012012,18.3333333333,19.5
MMT,ED,SPB,ED / SPB,No,Discreta,Económico-gremial,local,Tlaxcala,Informal,2,1,1.4142135624,0.000000336,75.2858790095,0,48.418601135,2,1,1,7,11,20,0.000600601,24.5,22
MOCRI-CNPA-MN,RP,NA,RP,No,Discreta,Civil,local,Chiapas,Desconocida,1,1,1,3.68051497142458E-18,1,0,1.0449320794,21,0,0,,4,,,1,1
MODEVITE,RL,IN,RL / IN,No,Discreta,Indígena,local,Chiapas,Desconocida,1,5,2.2360679775,2.45367664761639E-18,2.2360679775,0,1.0449320794,14,0,0,,29,,,1,1
MORENA,AP,NA,AP,No,Matriz,Urbano-gremial,nacional,Nacional,Asociación Civil,6,1,2.4494897428,1.10202663319204E-05,63.307997273,0,124.444525765,2,1,1,2,15,11,0.000600601,20.3333333333,28
MORESI,TSG,NA,TSG,No,Discreta,Económico-gremial,local,Puebla,Desconocida,1,1,1,2.5869094855346E-05,75.5630630879,0,16.7281951053,2,0,0,18,9,9,0.000600601,17,11
MovContraEspSilver,AD,NA,AD,No,Paraguas,Civil,local,Morelos,Desconocida,7,1,2.6457513111,1.51466976320263E-09,52.0006877768,0,18.1989889223,2,1,1,2,14,17,0.000600601,10.1428571429,12
MovidasxEncontrarlas,AV,NA,AV,No,Discreta,Civil,local,Estado de México,Informal,3,1,1.7320508076,3.39103510789209E-12,45.1899684173,0,1.3589374189,2,1,1,3,4,14,0.000600601,7,5
MovLosDeAbajo-Pue,AP,NA,AP,No,Discreta,Urbano-gremial,local,Puebla,Asociación Civil,9,2,4.2426406871,2.12636977526746E-05,68.5733492542,16.5,147.5072053811,2,0.5,0.5555555556,2,7,11,0.0012012,17.3333333333,18
MovMexDespierta,2P,NA,2P,Sí,Discreta,Civil,local,Tabasco,Asociación Civil,2,1,1.4142135624,4.90735329523277E-18,1.4142135624,0,1.0940919037,12,1,1,,3,,,2,2
MovMujeresIzq,MU,NA,MU,No,Discreta,Civil,nacional,Nacional,Desconocida,8,1,2.8284271247,6.5615278485353E-06,63.799347437,0,373.0848797795,2,1,1,2,5,4,0.000600601,34,88
MovPuebMorelos,AD,NA,AD,No,Discreta,Civil,local,Morelos,Desconocida,7,1,2.6457513111,1.51466975338792E-09,52.0006877768,0,18.1989889223,2,1,1,2,4,17,0.000600601,10.1428571429,12
MPG,RP,NA,RP,No,Paraguas,Civil,local,Guerrero,Desconocida,18,35,25.099800796,0.0006175765,119.2518565057,1919.8333333333,388.6850309158,2,0.5658823529,0.2941176471,32,17,1,0.021021,19.6666666667,9.1428571429
MPJD,AV,NA,AV,No,Discreta,Civil,local,Morelos,Desconocida,5,2,3.1622776602,8.57468845443185E-05,82.017073701,782,49.7726762074,2,0.375,0.4,5,4,14,0.0012012,11.2,31.5
MRM_Renovación,ED,SPB,ED / SPB,No,Matriz,Económico-gremial,nacional,Nacional,Informal,1,1,1,2.45367664761639E-18,1.5,0,1.0468713302,8,0,0,,12,,,2,2
MRM_Resistencia,ED,SPB,ED / SPB,No,Discreta,Económico-gremial,local,Baja California,Desconocida,1,1,1,1.45849092003399E-09,59.0375183996,0,3.1681069239,2,0,0,38,11,19,0.000600601,5,5
MSC,ED,SPB,ED / SPB,No,Discreta,Económico-gremial,local,Baja California Sur,Desconocida,1,1,1,2.45367664761639E-18,1,0,1.0449320794,23,0,0,,11,,,1,1
MST,CA,NA,CA,No,Paraguas,Económico-gremial,nacional,Nacional,Desconocida,6,6,6,5.99832867839496E-07,85.5507141535,0,117.5147190374,2,1,1,1,10,7,0.0036036,27.5,26.3333333333
MujeresEnAcción,MU,NA,MU,No,Discreta,Civil,local,Baja California Sur,Asociación Civil,5,1,2.2360679775,9.81470659046555E-18,2.7839709209,0,1.2788829578,3,1,1,,4,,,5.4,6
MujeresParaElDiálogo,MU,NA,MU,No,Matriz,Civil,nacional,Nacional,Asociación Civil,4,1,2,4.16866969658873E-08,62.6212291132,0,19.4791698311,2,1,1,25,24,36,0.000600601,9.5,13
MULT,IN,NA,IN,No,Discreta,Indígena,local,Oaxaca,Desconocida,13,5,8.0622577483,5.05996787083141E-05,79.4036070969,2039.75,92.3751681548,2,0.2791666667,0.2948717949,4,29,8,0.003003,11.9230769231,15.8
MUP,RP,NA,RP,No,Paraguas,Urbano-gremial,local,CDMX,Desconocida,12,2,4.8989794856,5.28873290680627E-05,75.1863143068,0.25,499.0590992852,2,0.7930194805,0.7424242424,2,21,4,0.0012012,31.1666666667,78
NCT,SP,NA,SP,No,Paraguas,Económico-gremial,nacional,Nacional,Desconocida,10,2,4.472135955,5.26153436150859E-05,74.5656596643,2,399.9115278192,2,0.6031746032,0.6666666667,2,18,4,0.0012012,30.9,66
NHRC,AV,NA,AV,No,Discreta,Civil,local,Chihuahua,Asociación Civil,11,2,4.6904157598,3.3725455708087E-08,63.1868497393,1509,18.6539236669,2,0.45,0.6727272727,3,4,21,0.0012012,9.2727272727,7.5
NPZ,IN,NA,IN,No,Discreta,Indígena,local,Michoacán,Desconocida,3,1,1.7320508076,5.23849007111491E-05,82.1186050865,0,151.5647210188,2,1,1,2,29,4,0.000600601,47,76
OAN,CA,NA,CA,No,Discreta,Económico-gremial,local,Chihuahua,Desconocida,6,6,6,4.77517248167282E-07,85.6159688079,0,85.6191680088,2,0.8755555556,0.8666666667,1,2,6,0.0036036,25.5,27.3333333333
OCEZ-CP,CA,NA,CA,No,Discreta,Económico-gremial,local,Chiapas,Desconocida,1,2,1.4142135624,7.07120582848302E-11,55.9759321324,0,1.1933806191,2,0,0,39,2,8,0.0012012,2,1.5
OCEZ-DI,CA,NA,CA,No,Discreta,Económico-gremial,local,Chiapas,Desconocida,1,1,1,3.68051497142458E-18,1,0,1.0449320794,24,0,0,,2,,,1,1
OCNF,MU,DD,MU / DD,No,Paraguas,Civil,nacional,Nacional,Desconocida,15,3,6.7082039325,1.20045735433427E-09,58.4600095611,2291,5.6295069975,2,0.2857142857,0.4,3,14,14,0.0018018,7.2,6.3333333333
OCPIHV,CA,NA,CA,Sí,Discreta,Económico-gremial,local,Veracruz,Asociación Civil,4,1,2,0.000000202,69.6110638043,0,68.8926475707,2,1,1,4,13,5,0.000600601,29.5,91
OE,RL,DD,RL / DD,No,Paraguas,Matriz religiosa,local,CDMX,Desconocida,4,1,2,4.16866969560726E-08,62.6212291132,0,19.4791698311,2,1,1,25,25,36,0.000600601,9.5,13
OFPC,AD,FA,AD / FA,No,Discreta,Civil,local,Coahuila,Desconocida,3,1,1.7320508076,1.70107658106238E-07,70.4536326573,0,50.7283623276,2,1,1,7,4,17,0.000600601,19.6666666667,23
OIIA,IN,NA,IN,No,Discreta,Indígena,local,Puebla,Desconocida,5,1,2.2360679775,5.72439312019537E-10,52.3579927848,0,6.186886708,2,1,1,4,29,29,0.000600601,7.2,7
OIT,IN,NA,IN,No,Discreta,Indígena,local,Puebla,Desconocida,5,1,2.2360679775,5.72439307112183E-10,52.3579927848,0,6.186886708,2,1,1,4,29,29,0.000600601,7.2,7
ONPP,DD,NA,DD,No,Discreta,Urbano-gremial,local,Chiapas,Desconocida,1,1,1,2.45367664761639E-18,1,0,1.0449320794,24,0,0,,7,,,1,1
OPIZ,IN,NA,IN,No,Discreta,Indígena,local,Oaxaca,Asociación Civil,3,1,1.7320508076,6.60581589029779E-05,73.637235314,0,74.574993904,2,1,1,21,29,3,0.000600601,27,57
OPT,RP,NA,RP,No,Paraguas,Urbano-gremial,nacional,Nacional,Desconocida,7,1,2.6457513111,1.26808125748492E-05,65.5721048537,0,298.1074542736,2,1,1,2,15,11,0.000600601,35.2857142857,74
Pan&Rosas,MU,NA,MU,No,Discreta,Civil,internacional,Internacional,Desconocida,2,1,1.4142135624,3.37240908798959E-08,61.8698683016,0,17.4573003601,2,1,1,3,4,21,0.000600601,12,5
PcdeM,AP,NA,AP,No,Matriz,Urbano-gremial,nacional,Nacional,Desconocida,4,1,2,2.37843007740472E-06,74.3143378216,0,105.1533902132,2,1,1,2,15,28,0.000600601,25.25,44
PPS,AP,NA,AP,Sí,Matriz,Urbano-gremial,nacional,Nacional,Desconocida,3,1,1.7320508076,1.1844324117781E-09,57.0671471382,0,5.1280829136,2,1,1,13,15,18,0.000600601,6.6666666667,6
PRODESC,2P,DD,2P / DD,No,Discreta,Civil,nacional,Nacional,Asociación Civil,1,1,1,4.8843488878305E-07,76.3955536403,0,42.274668843,2,0,0,40,5,4,0.000600601,21,5
ProductoresUnidos,PR,NA,PR,No,Discreta,Económico-gremial,regional,Regional,Desconocida,3,3,3,8.43782943967813E-07,88.4347678271,0,54.1607937872,2,1,1,1,9,6,0.0018018,31.6666666667,37
ProSL_Ecológico,EC,NA,EC,No,Discreta,Civil,local,San Luis Potosí,Asociación Civil,10,2,4.472135955,1.71414129821069E-07,71.8007162499,262,65.2773732538,2,0.4444444444,0.5333333333,7,4,17,0.0012012,12,16.5
PUDEE,CS,NA,CS,No,Matriz,Urbano-gremial,local,Chiapas,Asociación Civil,1,1,1,2.45367664761639E-18,1,0,1.0449320794,20,0,0,,7,,,1,1
REDDH,2P,DD,2P / DD,No,Discreta,Civil,local,Puebla,Desconocida,5,1,2.2360679775,8.72872054897693E-08,55.3075899929,0,14.3415170281,2,1,1,4,5,8,0.000600601,11.8,18
RedesUniv,ES,NA,ES,No,Discreta,Civil,local,CDMX,Informal,1,1,1,3.68051497142458E-18,1,0,1.0449320794,18,0,0,,22,,,1,1
RedGrovida,RL,NA,RL,No,Paraguas,Matriz religiosa,local,Guerrero,Desconocida,1,1,1,3.68051497142458E-18,1,0,1.0449320794,17,0,0,,17,,,1,1
REDIM,DD,NA,DD,No,Paraguas,Civil,nacional,Nacional,Desconocida,5,2,3.1622776602,1.36412216038355E-09,61.9448255737,556,4.5715380046,2,0.375,0.4,5,14,14,0.0012012,6.6,5
RedMadrHijosDesap,AV,NA,AV,No,Discreta,Civil,local,Veracruz,Informal,1,1,1,3.68051497142458E-18,1,0,1.0449320794,13,0,0,,4,,,1,1
RedMesaMujCdJua,MU,NA,MU,Sí,Paraguas,Civil,local,Chihuahua,Asociación Civil,1,1,1,3.68051497142458E-18,1.5,0,1.0468713302,10,0,0,,20,,,2,2
Rednes,MU,NA,MU,No,Discreta,Civil,local,CDMX,Informal,9,1,3,3.29170438837263E-11,43.2143466269,0,2.9244456632,2,1,1,3,22,21,0.000600601,9.8888888889,12
RED_OSC,RP,NA,RP,Sí,Paraguas,Civil,nacional,Nacional,Asociación Civil,8,1,2.8284271247,1.23260810498994E-07,59.8151968199,0,107.9358093594,2,1,1,4,20,5,0.000600601,23.5,110
RedSaludAlimentaria,CS,NA,CS,No,Paraguas,Urbano-gremial,nacional,Nacional,Desconocida,2,1,1.4142135624,2.00878132234891E-10,55.431879589,0,1.9909352133,2,1,1,5,15,14,0.000600601,5,4
Red_TDT,RP,DD,RP / DD,No,Paraguas,Civil,nacional,Nacional,Asociación Civil,3,1,1.7320508076,1.16869415189408E-09,56.3656541843,0,3.727847407,2,1,1,5,14,14,0.000600601,9.3333333333,8
REMA,AD,NA,AD,No,Paraguas,Civil,nacional,Nacional,Desconocida,5,1,2.2360679775,5.72439297297477E-10,52.3579927848,0,6.186886708,2,1,1,4,14,29,0.000600601,7.2,7
ResISSSTE,TSG,NA,TSG,No,Discreta,Económico-gremial,local,Chihuahua,Desconocida,3,3,3,2.74443679591797E-05,84.8934499045,492,50.8665966165,2,0.3333333333,0.3333333333,33,9,10,0.0018018,18,15.3333333333
Resissstencia,ED,SPB,ED / SPB,No,Discreta,Económico-gremial,local,Baja California,Desconocida,3,1,1.7320508076,1.70120748498143E-07,70.343104039,0,50.0707132178,2,1,1,7,11,19,0.000600601,18.3333333333,30
ResistenciaCivilEE,CS,NA,CS,No,Paraguas,Civil,nacional,Nacional,Desconocida,3,2,2.4494897428,4.50831806765152E-06,97.8240425902,0,117.2593581735,2,0.75,0.6666666667,11,15,4,0.0012012,39,25.5
RITA,IN,OC,IN / OC,No,Discreta,Indígena,nacional,Nacional,Asociación Civil,8,1,2.8284271247,1.10135618038736E-07,59.8357291645,0,63.5297465631,2,1,1,2,29,11,0.000600601,17.25,67
RL,RL,NA,RL,No,Paraguas,Civil,nacional,Nacional,Asociación Civil,3,1,1.7320508076,7.36102994284916E-18,1.7320508076,0,1.1481056257,4,1,1,,14,,,3,3
RNG,ES,NA,ES,No,Discreta,Civil,local,Guerrero,Informal,1,1,1,0.000010933,84.8272341872,0,24.7355094295,2,0,0,9,26,1,0.000600601,32,93
RosasRojas,MU,NA,MU,No,Discreta,Civil,local,CDMX,Informal,9,1,3,3.29170340690197E-11,43.2143466269,0,2.9244456632,2,1,1,3,22,21,0.000600601,9.8888888889,12
RRAA,RP,NA,RP,No,Paraguas,Civil,nacional,Nacional,Desconocida,2,1,1.4142135624,2.33570080840734E-07,69.0736605544,0,25.7159628637,2,1,1,13,14,18,0.000600601,12,7
SAINAH,SPB,ED,SPB / ED,No,Matriz,Económico-gremial,nacional,Nacional,Sindical,5,1,2.2360679775,1.22072849278165E-08,56.1738473699,0,20.6147535794,2,1,1,2,12,18,0.000600601,9.2,11
SDITSTC,SPB,NA,SPB,No,Discreta,Económico-gremial,local,CDMX,Sindical,19,2,6.164414003,5.1516462252548E-05,68.915035557,0.8,982.6138312697,2,0.8174603175,0.8128654971,2,19,4,0.0012012,34.7894736842,114
SEDEPAC-Cuetzalan,2P,DD,2P / DD,No,Discreta,Civil,local,Veracruz,Asociación Civil,8,1,2.8284271247,1.10135618028922E-07,59.8357291645,0,63.5297465631,2,1,1,2,4,11,0.000600601,17.25,67
SEHI,EC,NA,EC,No,Discreta,Civil,local,Hidalgo,Asociación Civil,1,1,1,3.68051497142458E-18,1,0,1.0449320794,22,0,0,,7,,,1,1
SEI,ED,SPB,ED / SPB,No,Matriz,Económico-gremial,local,Estado de México,Desconocida,4,1,2,5.51739153170971E-05,79.0131322278,0,96.7357905259,2,1,1,4,28,9,0.000600601,28,94
SemillasDeVida,EC,NA,EC,Sí,Discreta,Civil,local,CDMX,Asociación Civil,4,1,2,1.96140848813414E-08,64.7466222178,0,5.3011926643,2,1,1,4,3,35,0.000600601,6.25,21
SERAPAZ,2P,DD,2P / DD,Sí,Matriz,Civil,nacional,Nacional,Asociación Civil,3,1,1.7320508076,1.71471305136675E-07,71.0297451578,0,50.2938279069,2,1,1,5,24,14,0.000600601,19.6666666667,25
SETE_BC,SPB,ED,SPB / ED,No,Matriz,Económico-gremial,local,Baja California,Sindical,2,3,2.4494897428,4.37587909876953E-09,62.8828281218,0,5.3305975202,2,1,1,38,11,19,0.0018018,4.5,3.3333333333
SHCBDF,SPC,UN,SPC / UN,No,Discreta,Económico-gremial,local,CDMX,Sindical,14,1,3.7416573868,9.75558540690008E-06,55.6094970253,0,704.8456056867,2,1,1,2,9,4,0.000600601,34.2142857143,127
Sind_7_de_Mayo,SPB,NA,SPB,No,Discreta,Económico-gremial,local,Tlaxcala,Sindical,2,2,2,1.22570407961013E-07,53.1388278697,0,1.7780645838,2,1,1,29,11,20,0.0012012,3,2
SindHeliodoroCC,SPA,NA,SPA,No,Discreta,Económico-gremial,local,Oaxaca,Sindical,3,1,1.7320508076,4.90735329523277E-18,1.7320508076,0,1.1481056257,11,1,1,,30,,,3,3
SindHnosFM,SPB,NA,SPB,No,Discreta,Económico-gremial,local,Oaxaca,Sindical,3,1,1.7320508076,7.36102994284916E-18,1.7320508076,0,1.1481056257,11,1,1,,30,,,3,3
Sind_Martires1910,SPB,ED,SPB / ED,No,Discreta,Económico-gremial,local,Estado de México,Sindical,2,1,1.4142135624,4.13152114771199E-08,48.2648675433,0,1.7780645838,2,1,1,29,11,20,0.000600601,3,5
SinMaízNoHayPaís,CA,NA,CA,No,Paraguas,Civil,nacional,Nacional,Desconocida,2,1,1.4142135624,3.72256151193682E-07,67.6222374973,0,32.1481572024,2,1,1,8,14,13,0.000600601,12,8
SITACH,SPB,NA,SPB,No,Discreta,Económico-gremial,local,Guerrero,Sindical,1,1,1,1.3840037634318E-07,69.7853487126,0,2.1153363763,2,0,0,16,23,1,0.000600601,3,3
SITAUAEM,SPB,ED,SPB / ED,No,Discreta,Económico-gremial,local,Morelos,Sindical,1,1,1,2.45367664761639E-18,1,0,1.0449320794,25,0,0,,31,,,1,1
SITBUAP,SPB,ED,SPB / ED,No,Discreta,Económico-gremial,local,Puebla,Sindical,3,1,1.7320508076,0.000000132,56.964945351,0,33.3762396786,2,1,1,2,9,11,0.000600601,12.3333333333,8
SITCBEM,SPB,ED,SPB / ED,No,Matriz,Económico-gremial,local,Michoacán,Sindical,6,3,4.2426406871,0.0001074322,84.0454430416,0.5,87.0939538478,2,0.9133333333,0.8666666667,2,28,3,0.0018018,15.5,23.6666666667
SITEM,SPB,ED,SPB / ED,No,Matriz,Económico-gremial,nacional,Nacional,Sindical,4,2,2.8284271247,2.47640847772384E-07,52.8080616131,1047,10.5570323561,2,0.3333333333,0.3333333333,41,12,22,0.0012012,4.25,3.5
SITEQROO,SPB,ED,SPB / ED,No,Matriz,Económico-gremial,local,Quintana Roo,Sindical,2,1,1.4142135624,2.47632053886065E-07,51.9123930236,0,10.4297837186,2,1,1,41,28,22,0.000600601,7,4
SITET,SPB,ED,SPB / ED,No,Matriz,Económico-gremial,local,Tabasco,Sindical,3,3,3,0.000000001,44.4696389767,351,1.5652606781,2,0.1666666667,0.3333333333,42,28,22,0.0018018,2.3333333333,1.6666666667
SITIAVW,SPA,NA,SPA,No,Discreta,Económico-gremial,local,Puebla,Sindical,7,1,2.6457513111,1.26808125748492E-05,65.5721048537,0,298.1074542736,2,1,1,2,9,11,0.000600601,35.2857142857,74
SITIMTA,SPB,NA,SPB,No,Discreta,Económico-gremial,local,Morelos,Sindical,3,1,1.7320508076,6.37031627133766E-06,71.2844661516,0,120.643037785,2,1,1,2,31,4,0.000600601,28,21
SITUAM,SPB,ED,SPB / ED,No,Discreta,Económico-gremial,local,CDMX,Sindical,14,2,5.2915026221,8.49559780677133E-06,70.4834715682,8,440.1578821763,2,0.5452991453,0.5824175824,2,19,4,0.0012012,23.3571428571,40.5
SME,SPB,NA,SPB,No,Matriz,Económico-gremial,nacional,Nacional,Sindical,77,32,49.638694584,0.0005041483,131.9500392812,18584.45,1866.6660895797,2,0.1963507401,0.1418318524,2,12,4,0.0192192,16.7142857143,18.84375
SMSEM,SPB,ED,SPB / ED,No,Matriz,Económico-gremial,local,Estado de México,Sindical,7,6,6.4807406984,0.0023720038,92.5013373606,0,188.128124004,2,0.7314814815,0.619047619,18,28,9,0.0036036,26.4285714286,40.6666666667
SNTCPFISC,SPB,NA,SPB,No,Matriz,Económico-gremial,nacional,Nacional,Sindical,9,1,3,7.59870686169828E-06,59.9411344953,0,317.4503220152,2,1,1,2,12,4,0.000600601,24.5555555556,44
SNTE,SPB,ED,SPB / ED,No,Matriz,Económico-gremial,nacional,Nacional,Sindical,2,1,1.4142135624,0.000000001,43.5268299351,0,1.5212586005,2,1,1,41,12,22,0.000600601,3.5,5
SNTE-1,SPB,ED,SPB / ED,No,Matriz,Económico-gremial,local,Aguascalientes,Sindical,1,1,1,3.68051497142458E-18,1,0,1.0449320794,6,0,0,,11,,,1,1
SNTE-10,SPB,ED,SPB / ED,No,Matriz,Económico-gremial,local,CDMX,Sindical,6,2,3.4641016151,1.43794758194698E-06,63.4495564887,1735,8.4482204018,2,0.4,0.6666666667,1,28,27,0.0012012,4.8333333333,3.5
SNTE-13,SPB,ED,SPB / ED,No,Matriz,Económico-gremial,local,Guanajuato,Sindical,12,4,6.9282032303,0.0013864591,77.4193707705,351,324.9223241527,2,0.3997564935,0.696969697,1,28,31,0.0024024,26.0833333333,97.75
SNTE-15,SPB,ED,SPB / ED,No,Matriz,Económico-gremial,local,Hidalgo,Sindical,10,2,4.472135955,9.36207636932567E-05,77.5447282766,232,285.8004424268,2,0.4444444444,0.6444444444,25,28,34,0.0012012,29,130.5
SNTE-16,SPB,ED,SPB / ED,No,Matriz,Económico-gremial,local,Jalisco,Sindical,11,2,4.6904157598,0.0013510954,74.6258284682,0,281.4124801113,2,0.8392857143,0.7818181818,4,28,3,0.0012012,25.0909090909,142
SNTE-17,SPB,ED,SPB / ED,No,Matriz,Económico-gremial,local,Estado de México,Sindical,3,3,3,6.11870608878553E-05,79.0206956718,0,27.2362446081,2,1,1,18,28,9,0.0018018,10,6.3333333333
SNTE-2,SPB,ED,SPB / ED,No,Matriz,Económico-gremial,local,Baja California,Sindical,5,5,5,1.73078991919248E-07,72.5172759871,351,50.4210912533,2,0.4666666667,0.4,38,11,19,0.003003,11.2,6
SNTE-20,SPB,ED,SPB / ED,No,Matriz,Económico-gremial,local,Nayarit,Sindical,2,2,2,4.90735329523277E-18,2,1,1.0900309344,26,0,0,,28,,,1,1
SNTE-21,SPB,ED,SPB / ED,No,Matriz,Económico-gremial,local,Nuevo León,Sindical,10,6,7.7459666924,5.88708546078206E-05,79.6785330162,254,253.1050753763,2,0.2222222222,0.6444444444,43,28,23,0.0036036,26.1,23.8333333333
SNTE-24,SPB,ED,SPB / ED,No,Matriz,Económico-gremial,local,Querétaro,Sindical,10,2,4.472135955,5.86073709938506E-05,76.3380534963,151.25,224.2802167324,2,0.4444444444,0.6444444444,25,28,5,0.0012012,24.1,66.5
SNTE-25,SPB,ED,SPB / ED,No,Matriz,Económico-gremial,local,Quintana Roo,Sindical,10,2,4.472135955,5.85253082430091E-05,65.3922179228,1735,208.7402634245,2,0.4444444444,0.6444444444,41,28,22,0.0012012,21.9,62.5
SNTE-27,SPB,ED,SPB / ED,No,Matriz,Económico-gremial,local,Sinaloa,Sindical,1,4,2,2.02978024184196E-06,95.5169850282,0,45.7401156976,2,0,0,44,28,12,0.0024024,46,5
SNTE-28,SPB,ED,SPB / ED,No,Matriz,Económico-gremial,local,Sonora,Sindical,1,2,1.4142135624,3.68051497142458E-18,1.4142135624,0,1.0449320794,27,0,0,,28,,,1,1
SNTE-29,SPB,ED,SPB / ED,No,Matriz,Económico-gremial,local,Tabasco,Sindical,1,2,1.4142135624,1.76643666082743E-11,40.6219168446,0,1.0673062092,2,0,0,45,28,22,0.0012012,3,1.5
SNTE-3,SPB,ED,SPB / ED,No,Matriz,Económico-gremial,local,Baja California Sur,Sindical,1,1,1,3.68051497142458E-18,1,0,1.0449320794,23,0,0,,11,,,1,1
SNTE-31,SPB,ED,SPB / ED,No,Matriz,Económico-gremial,local,Tlaxcala,Sindical,14,4,7.4833147735,0.0022881126,79.536287046,1493,336.4707781917,2,0.3653846154,0.5274725275,7,11,20,0.0024024,22.4285714286,127
SNTE-33,SPB,ED,SPB / ED,No,Matriz,Económico-gremial,local,Yucatán,Sindical,2,3,2.4494897428,9.91688284389101E-05,80.2772295587,0,66.0215624488,2,1,1,46,28,33,0.0018018,33.5,17.6666666667
SNTE-35,SPB,ED,SPB / ED,No,Matriz,Económico-gremial,local,Coahuila,Sindical,3,3,3,9.81470659046555E-18,3,2,1.1393735811,28,0.3333333333,0.3333333333,,28,,,1.6666666667,1.6666666667
SNTE-37,SPB,ED,SPB / ED,No,Matriz,Económico-gremial,local,Baja California,Sindical,4,5,4.472135955,1.73103101922653E-07,72.5358456258,349,50.2904789832,2,0.6888888889,0.6666666667,38,11,19,0.003003,14,5.8
SNTE-38,SPB,ED,SPB / ED,No,Matriz,Económico-gremial,local,Coahuila,Sindical,2,2,2,7.36102994284916E-18,2.5,0,1.0961265036,28,1,1,,28,,,2.5,2.5
SNTE-4,SPB,ED,SPB / ED,No,Matriz,Económico-gremial,local,Campeche,Sindical,7,1,2.6457513111,0.0013130821,64.7696332465,0,254.8525269683,2,1,1,4,28,3,0.000600601,33.1428571429,284
SNTE-42,SPB,ED,SPB / ED,No,Matriz,Económico-gremial,local,Chihuahua,Sindical,6,14,9.1651513899,0.0029252204,82.4597790384,555,111.2494945655,2,0.2,0.2666666667,47,28,10,0.00840841,18.8333333333,14.7142857143
SNTE-44,SPB,ED,SPB / ED,No,Matriz,Económico-gremial,local,Durango,Sindical,1,1,1,1.22683832380819E-18,2,0,1.048993064,28,0,0,,28,,,3,3
SNTE-45,SPB,ED,SPB / ED,No,Matriz,Económico-gremial,local,Guanajuato,Sindical,1,2,1.4142135624,2.33666479857806E-05,66.4367234416,0,14.9716599386,2,0,0,48,28,31,0.0012012,12,2
SNTE-49,SPB,ED,SPB / ED,No,Matriz,Económico-gremial,local,Nayarit,Sindical,1,1,1,3.68051497142458E-18,1.5,0,1.0468713302,26,0,0,,28,,,2,2
SNTE-5,SPB,ED,SPB / ED,No,Matriz,Económico-gremial,local,Coahuila,Sindical,2,2,2,4.90735329523277E-18,2.5,0,1.0961265036,28,1,1,,28,,,2.5,2.5
SNTE-50,SPB,ED,SPB / ED,No,Matriz,Económico-gremial,local,Nuevo León,Sindical,2,5,3.1622776602,2.48612362277497E-06,77.7552047637,0,56.6236339388,2,1,1,49,28,23,0.003003,28,5.2
SNTE-54,SPB,ED,SPB / ED,No,Matriz,Económico-gremial,local,Sonora,Sindical,1,2,1.4142135624,3.68051497142458E-18,1.4142135624,0,1.0449320794,27,0,0,,28,,,1,1
SNTE-55,SPB,ED,SPB / ED,No,Matriz,Económico-gremial,local,Tlaxcala,Sindical,4,3,3.4641016151,9.68317477940402E-06,60.8325666363,700,16.316460621,2,0.3333333333,0.3333333333,29,11,20,0.0018018,5,2.6666666667
SNTE-56,SPB,ED,SPB / ED,No,Matriz,Económico-gremial,local,Veracruz,Sindical,7,1,2.6457513111,0.0013130821,64.7696332465,0,254.8525269683,2,1,1,4,28,3,0.000600601,33.1428571429,284
SNTE-57,SPB,ED,SPB / ED,No,Matriz,Económico-gremial,local,Yucatán,Sindical,2,3,2.4494897428,9.91688284389101E-05,80.2772295587,0,66.0215624488,2,1,1,50,28,33,0.0018018,33.5,17.6666666667
SNTE-58,SPB,ED,SPB / ED,No,Matriz,Económico-gremial,local,Zacatecas,Sindical,5,1,2.2360679775,1.32894376670786E-05,71.6635102181,0,126.5922175954,2,1,1,22,28,15,0.000600601,26.6,69
SNTE-6,SPB,ED,SPB / ED,No,Matriz,Económico-gremial,local,Colima,Sindical,1,1,1,0.0001524649,88.8888615753,0,64.780796163,2,0,0,30,28,3,0.000600601,61,43
SNTE-8,SPB,ED,SPB / ED,No,Matriz,Económico-gremial,local,Chihuahua,Sindical,2,12,4.8989794856,0.0002713819,78.9256717402,0,7.9709919208,2,1,1,51,28,10,0.00720721,4.5,1.4166666667
SNTI,SPB,NA,SPB,No,Discreta,Económico-gremial,local,CDMX,Sindical,14,1,3.7416573868,9.75558540693933E-06,55.6094970253,0,704.8456056867,2,1,1,2,19,4,0.000600601,34.2142857143,127
SNTINBAL,SPB,NA,SPB,No,Discreta,Económico-gremial,local,CDMX,Sindical,18,2,6,2.33233819380322E-05,70.6976726714,0,817.1842965627,2,0.8487394958,0.8039215686,2,19,4,0.0012012,30.7222222222,79
SNTISSSTE,SPB,NA,SPB,No,Matriz,Económico-gremial,nacional,Nacional,Sindical,4,1,2,1.22794046155163E-05,67.7412142279,0,76.9385984359,2,1,1,7,12,24,0.000600601,18,27
SNTMMSSRM,SPA,MI,SPA / MI,No,Matriz,Económico-gremial,nacional,Nacional,Sindical,21,5,10.246950766,5.79625262617435E-05,99.9187016728,375.6666666667,959.8760196053,2,0.555,0.619047619,11,12,4,0.003003,31.8095238095,46.6
SNTMMSSRM-150,SPA,MI,SPA / MI,No,Discreta,Económico-gremial,local,Tamaulipas,Sindical,1,1,1,2.45367664761639E-18,1,0,1.0449320794,29,0,0,,9,,,1,1
SNTMMSSRM-234,SPA,MI,SPA / MI,No,Discreta,Económico-gremial,local,Tamaulipas,Sindical,1,1,1,1.22683832380819E-18,1,0,1.0449320794,29,0,0,,9,,,1,1
SNTMMSSRM-65,SPA,MI,SPA / MI,No,Discreta,Económico-gremial,local,Sonora,Sindical,1,1,1,3.68051497142458E-18,1,0,1.0449320794,19,0,0,,11,,,1,1
SNTSA,SPB,NA,SPB,No,Matriz,Económico-gremial,nacional,Nacional,Sindical,7,2,3.7416573868,0.0056383173,79.4636519607,4,208.2841654156,2,0.5138888889,0.5238095238,7,12,24,0.0012012,25.4285714286,148.5
SNTSLATSSC_Indep,SPA,NA,SPA,No,Matriz,Económico-gremial,nacional,Nacional,Sindical,3,1,1.7320508076,5.0930852798518E-07,62.7640817048,0,105.208186961,2,1,1,2,12,4,0.000600601,18.3333333333,12
SNTSS,SPB,NA,SPB,No,Matriz,Económico-gremial,nacional,Nacional,Sindical,13,2,5.0990195136,1.98506895928536E-05,69.4878589401,15,377.8523425695,2,0.5335648148,0.6025641026,7,12,24,0.0012012,21.5384615385,34.5
SNTSS-29,SPB,NA,SPB,No,Matriz,Económico-gremial,local,Zacatecas,Sindical,1,1,1,6.05120232233399E-07,66.2643244772,0,14.9081823546,2,0,0,22,28,15,0.000600601,17,5
SNTSTC,SPB,NA,SPB,No,Discreta,Económico-gremial,local,CDMX,Sindical,14,1,3.7416573868,9.7555854069197E-06,55.6094970253,0,704.8456056867,2,1,1,2,19,4,0.000600601,34.2142857143,127
SNTTTASS,SPA,TA,SPA / TA,No,Matriz,Económico-gremial,local,CDMX,Sindical,14,4,7.4833147735,2.64083059107295E-05,94.9229963933,146,656.7403154317,2,0.4759615385,0.6813186813,1,12,6,0.0024024,34,43.75
SolidaridadxFam,AV,NA,AV,No,Discreta,Civil,local,Estado de México,Desconocida,3,1,1.7320508076,3.39104001524539E-12,45.1899684173,0,1.3589374189,2,1,1,3,4,14,0.000600601,7,5
SPAUAZ,SPB,ED,SPB / ED,No,Discreta,Económico-gremial,local,Zacatecas,Sindical,7,2,3.7416573868,1.34921526164599E-05,73.139711628,123,128.3522220432,2,0.6444444444,0.619047619,22,11,15,0.0012012,19.5714285714,35
SPUM,SPB,ED,SPB / ED,No,Discreta,Económico-gremial,local,Michoacán,Sindical,4,1,2,0.000040265,69.6119244289,0,79.8936989865,2,1,1,2,11,3,0.000600601,20.5,61
Stacobach,SPB,ED,SPB / ED,No,Matriz,Económico-gremial,nacional,Nacional,Sindical,7,1,2.6457513111,2.10658421293916E-05,63.0644601147,0,391.2637036043,2,1,1,2,12,4,0.000600601,37.1428571429,67
STAENEQ,SPB,ED,SPB / ED,No,Discreta,Económico-gremial,local,Querétaro,Sindical,2,1,1.4142135624,3.2978088218749E-07,70.8377303461,0,26.6104062424,2,1,1,25,11,5,0.000600601,18,12
STASPE,SPB,NA,SPB,No,Discreta,Económico-gremial,local,Michoacán,Sindical,8,8,8,0.0004349557,102.7675211095,2.5,93.6815455188,2,0.8223214286,0.6428571429,30,11,3,0.0048048,12.375,8.5
STAUAEM,SPB,ED,SPB / ED,No,Discreta,Económico-gremial,local,Morelos,Sindical,1,1,1,4.90735329523277E-18,1,0,1.0449320794,25,0,0,,31,,,1,1
STAUAG,SPB,ED,SPB / ED,No,Discreta,Económico-gremial,local,Guerrero,Sindical,5,3,3.8729833462,8.30860691460351E-06,80.5640710872,0,86.3252605472,2,0.3888888889,0.5,9,23,1,0.0018018,15.6,51.6666666667
STAUS,SPB,ED,SPB / ED,No,Discreta,Económico-gremial,local,Sonora,Sindical,1,1,1,3.68051497142458E-18,1,0,1.0449320794,30,0,0,,11,,,1,1
STEUS,SPB,ED,SPB / ED,No,Discreta,Económico-gremial,local,Sonora,Sindical,1,1,1,2.45367664761639E-18,1,0,1.0449320794,30,0,0,,11,,,1,1
STINCA,SPB,NA,SPB,No,Discreta,Económico-gremial,local,CDMX,Sindical,3,1,1.7320508076,0.000000056,65.7191274494,0,22.5013447098,2,1,1,25,19,5,0.000600601,12.6666666667,13
STRM,SPA,NA,SPA,No,Matriz,Económico-gremial,nacional,Nacional,Sindical,73,19,37.2424488991,0.0077684858,115.7416454545,5170.35,1961.6705577754,2,0.2608210341,0.1685692542,2,12,4,0.0114114,19.095890411,44.6315789474
STTAISUAG,SPB,ED,SPB / ED,No,Discreta,Económico-gremial,local,Guerrero,Sindical,3,2,2.4494897428,8.13858147558256E-06,77.283365237,0,45.1609519625,2,0.625,0.6666666667,26,23,1,0.0012012,18.3333333333,65.5
STUACH,SPB,ED,SPB / ED,No,Discreta,Económico-gremial,local,Estado de México,Sindical,19,3,7.5498344353,2.57882855840568E-05,80.2483884494,11,684.2671919708,2,0.462037037,0.4502923977,2,11,4,0.0018018,29,65
STUAdeG,SPB,ED,SPB / ED,No,Discreta,Económico-gremial,local,Jalisco,Sindical,5,1,2.2360679775,9.10514206553914E-07,69.1976288169,0,141.8128228012,2,1,1,2,11,4,0.000600601,24,39
STUAZ,SPB,ED,SPB / ED,No,Discreta,Económico-gremial,local,Zacatecas,Sindical,3,1,1.7320508076,2.40279937259792E-07,58.233216417,0,21.345170222,2,1,1,22,11,15,0.000600601,9,8
STUHM,SPA,NA,SPA,No,Discreta,Económico-gremial,local,Jalisco,Sindical,1,1,1,3.68051497142458E-18,1,0,1.0449320794,31,0,0,,9,,,1,1
STUIA,SPA,ED,SPA / ED,No,Discreta,Económico-gremial,local,CDMX,Sindical,5,1,2.2360679775,9.10514206558821E-07,69.1976288169,0,141.8128228012,2,1,1,2,19,4,0.000600601,24,39
STUNAM,SPB,ED,SPB / ED,No,Discreta,Económico-gremial,local,CDMX,Sindical,48,17,28.5657137142,0.0053079916,117.781531593,1991.4166666667,1721.6553098054,2,0.4562394461,0.3138297872,2,19,4,0.0102102,23.9583333333,38.7647058824
SUEUM,SPB,ED,SPB / ED,No,Discreta,Económico-gremial,local,Michoacán,Sindical,9,9,9,0.0005447743,105.1249447884,5,177.8876118539,2,0.7277777778,0.5,30,11,3,0.00540541,19,9.8888888889
SUSPEG,SPB,NA,SPB,No,Matriz,Económico-gremial,local,Guerrero,Sindical,11,30,18.1659021246,0.0008990629,119.8615343336,472,230.2610645627,2,0.7258333333,0.5090909091,32,23,1,0.018018,19.6363636364,7.7333333333
SUSPEG-14,SPB,NA,SPB,No,Discreta,Económico-gremial,local,Guerrero,Sindical,3,3,3,0.000016424,90.6377022603,351,25.9380552634,2,0.3333333333,0.3333333333,9,23,1,0.0018018,11.6666666667,31.6666666667
SUSPEG-15,SPB,NA,SPB,No,Discreta,Económico-gremial,local,Guerrero,Sindical,2,1,1.4142135624,5.48961998801751E-06,76.2137020191,0,25.8469273036,2,1,1,9,23,1,0.000600601,17,94
SUSPEG-18,SPB,NA,SPB,No,Discreta,Económico-gremial,local,Guerrero,Sindical,2,1,1.4142135624,5.48961998801751E-06,76.2137020191,0,25.8469273036,2,1,1,9,23,1,0.000600601,17,94
SUTCECyTEM,SPB,ED,SPB / ED,No,Discreta,Económico-gremial,local,Michoacán,Sindical,4,1,2,4.07203187694396E-05,69.5411263754,0,76.2991826513,2,1,1,2,11,3,0.000600601,20.25,62
SUTCOBACH-Gro,SPB,ED,SPB / ED,No,Matriz,Económico-gremial,local,Guanajuato,Sindical,24,7,12.9614813968,0.0001111239,94.0092545784,48,1016.6431285087,2,0.3971532091,0.5507246377,9,28,1,0.0042042,30.625,59.7142857143
SUTCONALEP,SPB,ED,SPB / ED,No,Matriz,Económico-gremial,nacional,Nacional,Sindical,16,1,4,3.04983468013444E-05,54.9587405773,0,915.7623104084,2,1,1,2,12,4,0.000600601,39.3125,222
SUTIEMS,SPB,ED,SPB / ED,No,Discreta,Económico-gremial,local,CDMX,Sindical,14,3,6.4807406984,1.59713245526412E-05,81.7168318488,62,534.9338230397,2,0.5868945869,0.6263736264,2,19,4,0.0018018,29.4285714286,37.6666666667
SUTIN,SPB,NA,SPB,No,Discreta,Económico-gremial,local,CDMX,Sindical,23,3,8.3066238629,6.23212758578236E-05,75.2960341209,2.1666666667,1088.5575964668,2,0.6505681818,0.652173913,2,19,4,0.0018018,32.4782608696,85.3333333333
SUTIZEA,SPB,ED,SPB / ED,No,Discreta,Económico-gremial,local,Zacatecas,Sindical,3,1,1.7320508076,2.40279937254885E-07,58.233216417,0,21.345170222,2,1,1,22,11,15,0.000600601,9,8
SUTPEEPEMOR,SPC,NA,SPC,No,Discreta,Económico-gremial,local,Morelos,Sindical,3,1,1.7320508076,9.81470659046555E-18,1.7320508076,0,1.1481056257,16,1,1,,31,,,3,7
SUTSEM,SPB,NA,SPB,No,Matriz,Económico-gremial,local,Nayarit,Sindical,1,1,1,2.45367664761639E-18,1.5,0,1.0468713302,26,0,0,,28,,,2,2
SUTSPJ,SPC,NA,SPC,No,Discreta,Económico-gremial,local,Morelos,Sindical,3,3,3,1.22683832380819E-17,2.68222577,0,1.1481056257,16,1,1,,31,,,3,1.6666666667
SUTSPLEM,SPC,NA,SPC,No,Discreta,Económico-gremial,local,Morelos,Sindical,3,3,3,9.81470659046555E-18,2.68222577,0,1.1481056257,16,1,1,,31,,,3,1.6666666667
SUTUC,SPB,ED,SPB / ED,No,Discreta,Económico-gremial,local,Colima,Sindical,5,1,2.2360679775,9.10514206558821E-07,69.1976288169,0,141.8128228012,2,1,1,2,11,4,0.000600601,24,39
Tetela,IN,AD,IN / AD,No,Discreta,Indígena,local,Puebla,Asociación Civil,13,2,5.0990195136,1.10522346245306E-07,61.3730487896,72,66.0354037769,2,0.4583333333,0.4871794872,4,29,29,0.0012012,12.3846153846,36
TierraLesbik,LG,MU,LG / MU,No,Discreta,Civil,local,CDMX,Desconocida,9,1,3,3.29170438837263E-11,43.2143466269,0,2.9244456632,2,1,1,3,22,21,0.000600601,9.8888888889,12
TrabDesechosSolRFM,TSG,NA,TSG,No,Discreta,Económico-gremial,local,Guanajuato,Desconocida,3,1,1.7320508076,4.29083354146647E-05,75.4044120965,0,238.8277000041,2,1,1,2,9,4,0.000600601,60.3333333333,52
TRADOC,TSP,NA,TSP,No,Discreta,Económico-gremial,local,CDMX,Desconocida,1,1,1,2.45367664761639E-18,1,0,1.0449320794,31,0,0,,9,,,1,1
UACOL,CR,NA,CR,No,Discreta,Urbano-gremial,local,Oaxaca,Desconocida,3,2,2.4494897428,0.0001983536,88.9019803293,0,74.574993904,2,1,1,21,30,3,0.0012012,27,30
UARS,CA,NA,CA,No,Paraguas,Económico-gremial,local,Sinaloa,Desconocida,2,1,1.4142135624,4.91316360398801E-09,64.2815398189,0,11.5278177775,2,1,1,1,2,25,0.000600601,13,13
UCD,CA,NA,CA,Sí,Matriz,Económico-gremial,nacional,Nacional,Asociación Civil,12,22,16.2480768093,2.19938353163053E-06,99.6197310244,152.5,123.2803360205,2,0.514738292,0.5151515152,6,10,6,0.0132132,18.6666666667,7.8636363636
UCEN,CA,NA,CA,No,Matriz,Económico-gremial,regional,Regional,Asociación Civil,7,1,2.6457513111,1.54902124201086E-07,62.5074593853,0,104.3639653093,2,1,1,4,2,5,0.000600601,26.1428571429,97
UCEZ,CA,NA,CA,No,Discreta,Económico-gremial,local,Guerrero,Asociación Civil,1,1,1,1.22683832380819E-18,1,0,1.0449320794,5,0,0,,23,,,1,1
UCIZONI,IN,NA,IN,Sí,Discreta,Indígena,regional,Regional,Asociación Civil,3,5,3.8729833462,0.0004867431,102.257368362,351,66.3586846817,2,0.4,0.3333333333,17,16,26,0.003003,23,10.8
UFCW,SI,TSP,SI / TSP,No,Matriz,Económico-gremial,internacional,Internacional,Sindical,4,1,2,5.82972304203338E-06,73.7652007613,0,211.5335290828,2,1,1,2,8,4,0.000600601,41.75,55
UFIC,CA,IN,CA / IN,No,Matriz,Económico-gremial,nacional,Nacional,Asociación Civil,17,5,9.2195444573,9.67399062283916E-07,89.855202036,53,136.9196505696,2,0.479375,0.4117647059,4,10,5,0.003003,15.8235294118,30.6
UGOCM-JL,CA,NA,CA,No,Matriz,Económico-gremial,nacional,Nacional,Asociación Civil,8,2,4,8.77698512240502E-08,66.039597441,0,95.2374025033,2,1,1,4,10,7,0.0012012,16.125,41.5
UGOCP,RP,NA,RP,Sí,Matriz,Económico-gremial,nacional,Nacional,Asociación Civil,10,3,5.4772255751,5.700513578174E-07,82.9362643335,0.5,119.3917672359,2,0.7916666667,0.8,4,10,5,0.0018018,21.2,38.6666666667
UJM,DD,PF,DD / PF,No,Discreta,Civil,local,CDMX,Desconocida,9,1,3,7.59870686169828E-06,59.9411344953,0,317.4503220152,2,1,1,2,5,4,0.000600601,24.5555555556,44
ULPCA-CNC,PR,NA,PR,Sí,Matriz,Económico-gremial,nacional,Nacional,Asociación Civil,2,5,3.1622776602,1.48441621132887E-08,76.1099200337,0,2.9919478745,2,1,1,20,10,16,0.003003,3.5,2.4
UNIMOSS,2P,NA,2P,Sí,Paraguas,Económico-gremial,nacional,Nacional,Asociación Civil,13,6,8.8317608663,1.39224246072293E-06,95.8828420053,0.25,178.3223153485,2,0.7581018519,0.6153846154,1,10,5,0.0036036,20.9230769231,32.3333333333
UnionMat&Chof_Istmo,SPA,TA,SPA / TA,No,Discreta,Urbano-gremial,local,Oaxaca,Asociación Civil,3,1,1.7320508076,1.47220598856983E-17,1.7320508076,0,1.1481056257,11,1,1,,30,,,3,3
UniónPobTierra&Lib,VE,NA,VE,No,Discreta,Urbano-gremial,local,CDMX,Asociación Civil,16,1,4,3.04983468013444E-05,54.9587405773,0,915.7623104084,2,1,1,2,7,4,0.000600601,39.3125,222
UNITONA,IN,CA,IN / CA,No,Paraguas,Indígena,local,Puebla,Desconocida,8,2,4,2.27416947512734E-07,77.0382850148,1357,36.0292083773,2,0.4285714286,0.4642857143,4,16,29,0.0012012,9.875,15
UNORCA,IN,CA,IN / CA,Sí,Paraguas,Económico-gremial,nacional,Nacional,Asociación Civil,12,3,6,2.01555688708272E-07,70.7999360202,1,122.0824829456,2,0.6340909091,0.6515151515,4,10,5,0.0018018,18.5833333333,46.3333333333
UnSaltoVida,EC,NA,EC,No,Discreta,Civil,local,Jalisco,Asociación Civil,3,1,1.7320508076,1.65461272296761E-07,69.4290241491,0,17.0089611117,2,1,1,15,4,13,0.000600601,7,9
UNT,RP,NA,RP,No,Paraguas,Económico-gremial,nacional,Nacional,Desconocida,60,16,30.9838667697,0.002199308,114.1114519518,3040.6666666667,1847.5508766998,2,0.3499270665,0.2203389831,2,18,4,0.00960961,21.1666666667,47.3125
UNTA,CA,NA,CA,Sí,Matriz,Económico-gremial,nacional,Nacional,Asociación Civil,25,19,21.7944947177,1.67333314652252E-05,106.5987234128,803.75,682.6025416541,2,0.5005482456,0.3766666667,1,10,7,0.0114114,25.04,15.6842105263
UNTyPP,SPB,TSG,SPB / TSG,No,Matriz,Económico-gremial,nacional,Nacional,Sindical,5,1,2.2360679775,8.55450837565494E-07,69.8036022999,0,99.5358416405,2,1,1,2,12,32,0.000600601,22,39
UPOEG,PC,NA,PC,No,Matriz,Urbano-gremial,local,Guerrero,Desconocida,2,1,1.4142135624,8.0685670411484E-06,76.6608131609,0,41.4489657589,2,1,1,26,26,1,0.000600601,25,128
UPREZ,RP,NA,RP,No,Matriz,Urbano-gremial,nacional,Nacional,Desconocida,22,4,9.3808315196,0.0002336383,100.0522375556,643.8333333333,995.0512766131,2,0.4742063492,0.5844155844,21,15,9,0.0024024,33.7272727273,76.5
UPRN,RP,NA,RP,No,Paraguas,Económico-gremial,nacional,Nacional,Desconocida,5,2,3.1622776602,6.8193334798923E-05,93.1773539066,0,257.5955878107,2,0.75,0.7,2,18,4,0.0012012,47.6,62
UPVA 28 Oct,TSI,NA,TSI,No,Discreta,Urbano-gremial,local,Puebla,Informal,3,1,1.7320508076,1.02886458228823E-05,63.243489543,0,30.102765744,2,1,1,2,7,11,0.000600601,14.3333333333,10
Vertebra,2P,NA,2P,No,Paraguas,Civil,local,Nuevo León,Asociación Civil,2,1,1.4142135624,7.36102994284916E-18,1.4142135624,0,1.0940919037,15,1,1,,14,,,2,2
VíaCiudadana,AP,NA,AP,No,Discreta,Urbano-gremial,local,Nuevo León,Desconocida,2,1,1.4142135624,4.90735329523277E-18,1.4142135624,0,1.0940919037,15,1,1,,7,,,2,2
VO,EC,NA,EC,No,Discreta,Civil,local,Guanajuato,Asociación Civil,2,1,1.4142135624,3.72256151196136E-07,67.6222374973,0,32.1481572024,2,1,1,8,4,13,0.000600601,12,8
VoluntariosxLapaz,AV,NA,AV,No,Discreta,Civil,local,Baja California Sur,Desconocida,5,1,2.2360679775,1.47220598856983E-17,2.7839709209,0,1.2788829578,3,1,1,,4,,,5.4,6
#YoSoy132-CDMX,ES,CÑ,ES / CÑ,No,Matriz,Civil,local,CDMX,Informal,22,7,12.409673646,0.000087979,95.2553441365,2435,692.2275916904,2,0.2568027211,0.3073593074,2,27,13,0.0042042,23.8181818182,27.5714285714
#YoSoy132-Gro,ES,CÑ,ES / CÑ,No,Matriz,Civil,local,Guerrero,Informal,2,1,1.4142135624,0.000038198,83.3457850434,0,109.0873434139,2,1,1,9,26,4,0.000600601,52.5,112
#YoSoy132-Pue,ES,CÑ,ES / CÑ,No,Matriz,Civil,local,Puebla,Informal,3,1,1.7320508076,7.93653884436942E-06,69.1574034423,0,32.4703922357,2,1,1,26,27,28,0.000600601,11,39
#YoSoy132-Qro,ES,CÑ,ES / CÑ,No,Matriz,Civil,local,Querétaro,Informal,1,1,1,3.68051497142458E-18,1,0,1.0449320794,1,0,0,,27,,,1,1
#YoSoy132-SLP,ES,CÑ,ES / CÑ,No,Matriz,Civil,local,San Luis Potosí,Informal,2,2,2,7.36102994284916E-18,2,1,1.0900309344,8,0,0,,27,,,1,1
#YoSoy132-Zac,ES,CÑ,ES / CÑ,No,Matriz,Civil,local,Zacatecas,Informal,2,1,1.4142135624,6.39054217455809E-08,68.2639719618,0,8.2217453788,2,1,1,1,27,15,0.000600601,5.5,7
#Yosoyred,AC,NA,AC,No,Discreta,Civil,local,CDMX,Informal,2,1,1.4142135624,3.72256151196136E-07,67.6222374973,0,32.1481572024,2,1,1,8,22,13,0.000600601,12,8
