name,tipo,centralidad_grado_simple,fortaleza,centralidad_grado_ajustado,centralidad_eigenvalor,centralidad_cercania,centralidad_intermediacion,comunidad_DIRTLPAwb,clustering_local_simple,clustering_local_mediaGeom,clustering_local_mediaAritmetica
2P,tipo de actor,13,14,13.4907375632,0.0007791086,233.1361668318,1053.7956349206,1,0.6281310212,0.6339045987,0.6426253155
2P / DD,tipo de actor,6,6,6,0.001193567,241.2114142191,1457.3581751582,8,0.3043478261,0.3192105115,0.3227571116
AC,tipo de actor,2,3,2.4494897428,0.0004126036,216.1804697153,328.3333333333,5,0.8,0.8203900844,0.8214285714
AD,tipo de actor,15,17,15.9687194227,0.009423851,239.0542120494,1093.425,5,0.7805695142,0.7676569561,0.7644333571
AD / FA,tipo de actor,1,1,1,0.0007315867,195.7592002519,0,3,0,0,0
AD / IN,tipo de actor,1,1,1,5.66833320493809E-05,169.090571925,0,6,0,0,0
AM,tipo de actor,4,4,4,7.09779575327028E-06,144.278614749,4.5,1,1,1,1
AP,tipo de actor,21,22,21.4941852602,0.0129699493,259.7793117906,1024.1150793651,3,0.7177825774,0.7179841834,0.7180790034
AV,tipo de actor,24,28,25.9229627936,0.0109179689,267.2678410441,6270.8694812498,8,0.5967391304,0.5937742564,0.5891914714
AV / FA,tipo de actor,3,3,3,3.81324084338781E-05,156.4155296044,53.4416666667,8,0.6666666667,0.6666666667,0.6666666667
AV / MIG,tipo de actor,8,8,8,0.000012131,133.0041101169,14,6,0,0,0
BC,tipo de actor,1,1,1,0.0002430799,193.0643842755,0,7,0,0,0
CA,tipo de actor,99,234,152.2038107276,0.0170767376,381.2636318227,53066.5103785104,1,0.6621893045,0.6715947342,0.6766351615
CA / IN,tipo de actor,24,25,24.4948974278,0.0006733527,221.9394943431,254.3666666667,1,0.6754890679,0.6738152902,0.6737888199
CA / RP,tipo de actor,1,1,1,2.07367564462163E-05,167.5055599665,0,1,0,0,0
CR,tipo de actor,2,2,2,0.0008341066,205.5399379999,1,7,1,1,1
CS,tipo de actor,8,11,9.3808315196,0.0030325402,245.4882156505,1302.8391414141,6,0.7284768212,0.720359722,0.7187928669
CT,tipo de actor,1,1,1,0.0007215616,192.9104889953,0,1,0,0,0
CU,tipo de actor,3,3,3,9.03048570345914E-05,187.3585913348,106.3416666667,6,0.2307692308,0.2260104367,0.224852071
DD,tipo de actor,25,30,27.3861278753,0.008747116,278.025117526,7006.6552669553,8,0.6181575434,0.6219993974,0.6246074793
DD / PF,tipo de actor,5,6,5.4772255751,0.002928085,249.0827491563,393.2857142857,5,0.8421052632,0.8497983677,0.8511066398
DD / RL,tipo de actor,1,1,1,2.73980505529161E-05,162.0355385284,0,8,0,0,0
DD / SI,tipo de actor,3,3,3,0.0007582427,202.778170985,2.75,8,0.6666666667,0.6765545535,0.6794871795
EC,tipo de actor,8,11,9.3808315196,0.0009236314,233.2957823098,475.8916666667,6,0.4057971014,0.3941710631,0.3925104022
EC / SI,tipo de actor,1,1,1,1.41406969888017E-05,165.2891142811,0,6,0,0,0
ED / SPB,tipo de actor,341,578,443.9572051448,1,569.5061251563,130828.083751263,2,0.7979988518,0.8067869379,0.8106620292
ES,tipo de actor,58,64,60.9261848469,0.0405835419,268.0124672177,5450.4094667029,7,0.9039184112,0.9056021359,0.9064748201
ES / CÃ‘,tipo de actor,13,13,13,0.0040275705,241.7317530045,1480.0033730159,5,0.6588785047,0.6610567536,0.6614890198
FE,tipo de actor,3,3,3,0.0015754995,205.5730655522,138.8511904762,5,0.8125,0.8125,0.8125
FE / JO,tipo de actor,1,1,1,1.66075581698349E-05,152.9114259077,0,6,0,0,0
FE / RP,tipo de actor,1,1,1,2.27499907728705E-18,2.5094561465,0,0,0,0,0
IN,tipo de actor,19,25,21.7944947177,0.0083647275,266.2708670998,6055.1429158561,6,0.528379773,0.5172926396,0.5149415331
IN / AD,tipo de actor,2,2,2,4.95016988453275E-05,173.5835079268,0,3,0.1538461538,0.1512192786,0.1504424779
IN / CA,tipo de actor,20,22,20.9761769634,0.0032900029,267.6439224393,831.0364468864,1,0.6448534424,0.6606745383,0.6661971831
IN / OC,tipo de actor,1,1,1,2.82151659807624E-05,170.3286006041,0,6,0,0,0
JO,tipo de actor,1,1,1,2.92835246077983E-05,140.4037407699,0,7,0,0,0
LG / MU,tipo de actor,1,4,2,4.6792287443508E-05,179.7302771657,0,8,0,0,0
MIG,tipo de actor,10,10,10,0.0020909112,217.7841842187,5702,6,0.1578947368,0.1638575821,0.1656441718
MU,tipo de actor,7,10,8.3666002653,0.0012692849,233.3130515606,2045.0424043062,8,0.3488372093,0.3211427153,0.3110539846
MU / DD,tipo de actor,4,4,4,4.15806513660546E-05,166.4589750814,83.2152014652,8,0.3023255814,0.2858528539,0.2719298246
ONO,tipo de actor,2,2,2,9.66260586544418E-05,193.6935751734,0,1,1,1,1
PC,tipo de actor,1,1,1,0.0007775332,198.3057251868,0,5,0,0,0
PR,tipo de actor,43,46,44.4747119159,0.0022446824,261.9958451577,3650.6907259407,1,0.6753794266,0.6860153562,0.6903162379
PS,tipo de actor,1,2,1.4142135624,5.86043200739545E-05,174.4960824687,0,8,0,0,0
PX / RL,tipo de actor,1,1,1,0.000000021,109.4022962383,0,3,0,0,0
RE,tipo de actor,1,1,1,0.0007215616,192.9104889953,0,8,0,0,0
RL,tipo de actor,4,4,4,2.91222226219777E-05,167.6223295308,1360.9857142857,3,0.1568627451,0.1631503469,0.1650943396
RL / DD,tipo de actor,1,1,1,6.90242768426593E-06,149.9168209279,0,7,0,0,0
RL / IN,tipo de actor,5,10,7.0710678119,1.06676548772049E-17,7.0710678119,10,0,0,0,0
RL / MU,tipo de actor,1,1,1,9.12248596194843E-07,139.5737866653,0,8,0,0,0
RP,tipo de actor,91,111,100.503731274,0.0775700808,370.5617116393,24005.4645721968,5,0.7366014732,0.7408167507,0.7421388675
RP / BC,tipo de actor,2,2,2,6.27598985313217E-05,172.3842009298,5.1666666667,6,0.3333333333,0.3333333333,0.3333333333
RP / DD,tipo de actor,1,1,1,6.8887046356432E-06,147.5655512682,0,8,0,0,0
SI,tipo de actor,4,6,4.8989794856,0.0001969559,194.1226890211,684.8,7,0.358974359,0.3587553204,0.3586956522
SI / TSP,tipo de actor,1,1,1,0.0001719733,186.9827140405,0,5,0,0,0
SP,tipo de actor,13,19,15.7162336455,0.0153642589,292.3696674126,997.8004148629,5,0.8414901388,0.8439554055,0.8418876186
SPA,tipo de actor,24,35,28.9827534924,0.0258466703,309.7641959791,2790.1758179321,5,0.7752774353,0.7916812068,0.7930867649
SPA / ED,tipo de actor,1,1,1,0.0005572134,203.7439654924,0,4,0,0,0
SPA / MI,tipo de actor,7,8,7.4833147735,0.0025238894,241.0838823778,1525.575,5,0.6822429907,0.7018757234,0.7076023392
SPA / TA,tipo de actor,5,5,5,0.0008366922,215.7133862451,429.8426073926,5,0.7228915663,0.7268053789,0.727520436
SPB,tipo de actor,86,104,94.5727233403,0.0806708222,349.1699398302,11829.1663856976,5,0.8079690396,0.8096736964,0.8088367899
SPB / ED,tipo de actor,114,193,148.3307115873,0.1728904436,414.2079088699,40960.1418401044,4,0.8306213578,0.8332193701,0.8333955104
SPB / TSG,tipo de actor,1,1,1,5.91205328598858E-05,167.5156293976,0,7,0,0,0
SPC,tipo de actor,3,7,4.582575695,6.33552745787808E-18,5.1944525285,5,0,0,0,0
SPC / UN,tipo de actor,1,1,1,0.0012727367,218.8836352985,0,5,0,0,0
TA,tipo de actor,9,9,9,0.0080777965,256.9664583813,28.3333333333,5,0.765323993,0.7774154793,0.7801814375
TSG,tipo de actor,5,5,5,0.002147699,213.6298842017,6.5,4,1,1,1
TSI,tipo de actor,1,1,1,0.0007369559,196.3887315489,0,3,0,0,0
TSP,tipo de actor,1,1,1,0.00001865,155.1444316691,0,8,0,0,0
VE,tipo de actor,23,24,23.4946802489,0.0080705949,274.9262401912,3591.0932997558,7,0.5812941816,0.5913184401,0.5957852125
C-001,evento,3,3,3,0.0043572675,245.0691664826,0,5,0,0,0
C-002,evento,2,2,2,5.64713380132213E-05,161.3426667351,78.6875,6,0,0,0
C-003,evento,2,2,2,5.64713380132214E-05,161.3426667351,78.6875,6,0,0,0
C-004,evento,2,2,2,9.9821928774832E-05,185.180921534,15,8,0,0,0
C-005,evento,2,2,2,5.6471338013222E-05,161.3426667351,79.6875,6,0,0,0
C-006,evento,2,2,2,5.64713380132219E-05,161.3426667351,78.6875,6,0,0,0
C-007,evento,2,2,2,5.64713380132213E-05,161.3426667351,78.6875,6,0,0,0
C-008,evento,8,9,8.4852813742,0.0010507576,238.6048429351,1979.9658730159,6,0,0,0
C-009,evento,1,2,1.4142135624,0.0004492229,203.2778683741,0,6,0,0,0
C-010,evento,2,3,2.4494897428,0.0009773711,252.0911754323,0,1,0,0,0
C-011,evento,7,15,10.246950766,0.0473978336,341.8457063649,1971,5,0,0,0
C-012,evento,4,5,4.472135955,0.000526612,228.1940858495,759.25,6,0,0,0
C-013,evento,2,2,2,0.0270768237,286.7839617785,0,6,0,0,0
C-014,evento,5,6,5.4772255751,0.0104107782,269.3765759068,0,5,0,0,0
C-015,evento,3,5,3.8729833462,0.010196428,278.7910883382,0,5,0,0,0
C-016,evento,8,11,9.3808315196,0.0178086235,324.1050600538,2216.9123487624,5,0,0,0
C-017,evento,4,4,4,0.0292020576,297.8637267984,337.1011904762,5,0,0,0
C-018,evento,2,3,2.4494897428,0.0273014351,290.9294285994,3370.2452380952,6,0,0,0
C-019,evento,4,5,4.472135955,0.0082192285,258.0177628578,51.3404532967,5,0,0,0
C-020,evento,5,8,6.3245553203,0.0367338933,323.053995032,371,5,0,0,0
C-021,evento,5,6,5.4772255751,0.008717475,260.4773520405,35.8166666667,5,0,0,0
C-022,evento,2,2,2,0.000528051,194.9125433773,0,8,0,0,0
C-023,evento,3,3,3,0.0293115739,295.9205156925,89.126984127,8,0,0,0
C-024,evento,5,5,5,0.0293204748,301.8652679712,690.5966810967,5,0,0,0
C-025,evento,5,6,5.4772255751,0.0007927292,216.0465185643,2088.3364468865,3,0,0,0
C-026,evento,2,2,2,0.0068086809,251.3632069284,0,4,0,0,0
C-027,evento,2,3,2.4494897428,0.0114511718,280.5569327161,0,4,0,0,0
C-028,evento,6,10,7.7459666924,0.0197406152,307.0666156274,598.6726190476,5,0,0,0
C-029,evento,2,3,2.4494897428,0.0009773711,252.0911754323,0,1,0,0,0
C-030,evento,2,3,2.4494897428,0.0009773711,252.0911754323,0,1,0,0,0
C-031,evento,2,3,2.4494897428,0.0009773711,252.0911754323,0,1,0,0,0
C-032,evento,2,3,2.4494897428,0.0009773711,252.0911754323,0,1,0,0,0
C-033,evento,2,3,2.4494897428,0.0009773711,252.0911754323,0,1,0,0,0
C-034,evento,1,2,1.4142135624,0.0092849818,272.2717905085,0,4,0,0,0
C-035,evento,1,2,1.4142135624,0.0092849818,272.2717905085,0,4,0,0,0
C-036,evento,1,2,1.4142135624,0.0092849818,272.2717905085,0,4,0,0,0
C-037,evento,1,2,1.4142135624,0.0092849818,272.2717905085,0,4,0,0,0
C-038,evento,1,2,1.4142135624,0.0043323801,244.947509783,0,5,0,0,0
C-039,evento,2,3,2.4494897428,0.0023290509,223.30673918,102.7857142857,6,0,0,0
C-040,evento,2,2,2,0.0270768237,286.7839617785,0,6,0,0,0
C-041,evento,2,2,2,0.0001504548,175.3668875546,5.4261904762,5,0,0,0
C-042,evento,2,2,2,0.0314947032,297.634357138,0,4,0,0,0
C-043,evento,2,2,2,0.0022339621,220.3345101792,0,5,0,0,0
C-044,evento,2,2,2,0.0290184023,289.8780329656,0,5,0,0,0
C-045,evento,2,2,2,0.0279419702,285.3122704567,0,7,0,0,0
C-046,evento,4,4,4,0.031325942,302.0555252536,12.8055555556,5,0,0,0
C-047,evento,3,3,3,0.0301081602,292.9762736179,0,7,0,0,0
C-048,evento,3,3,3,0.0301081602,292.9762736179,0,7,0,0,0
C-049,evento,3,3,3,0.0301081602,292.9762736179,0,7,0,0,0
C-050,evento,1,2,1.4142135624,0.0092849818,272.2717905085,0,4,0,0,0
C-051,evento,1,2,1.4142135624,0.0092849818,272.2717905085,0,4,0,0,0
C-052,evento,1,2,1.4142135624,0.0092849818,272.2717905085,0,4,0,0,0
C-053,evento,1,2,1.4142135624,0.0092849818,272.2717905085,0,4,0,0,0
C-054,evento,1,2,1.4142135624,0.0092849818,272.2717905085,0,4,0,0,0
C-055,evento,1,2,1.4142135624,0.0092849818,272.2717905085,0,4,0,0,0
C-056,evento,1,2,1.4142135624,0.0092849818,272.2717905085,0,4,0,0,0
C-057,evento,1,2,1.4142135624,0.0092849818,272.2717905085,0,4,0,0,0
C-058,evento,3,3,3,0.0301081602,292.9762736179,0,7,0,0,0
C-059,evento,3,3,3,0.0301081602,292.9762736179,0,7,0,0,0
C-060,evento,1,4,2,0.1074088491,373.3031384546,0,2,0,0,0
C-061,evento,7,9,7.9372539332,0.0428849226,334.1838278795,2450.3125476132,5,0,0,0
C-062,evento,2,2,2,0.0279419702,285.3122704567,0,7,0,0,0
C-063,evento,3,3,3,0.0301081602,292.9762736179,0,7,0,0,0
C-064,evento,3,3,3,0.0301081602,292.9762736179,0,7,0,0,0
C-065,evento,4,6,4.8989794856,0.0346935915,314.4468463195,735.5874708625,5,0,0,0
C-066,evento,2,2,2,0.0022996416,232.5442944127,0,7,0,0,0
C-067,evento,2,9,4.2426406871,0.1750407463,416.6883372082,0,2,0,0,0
C-068,evento,2,3,2.4494897428,0.0001303078,185.2915821045,10.8333333333,5,0,0,0
C-069,evento,9,17,12.3693168769,0.0812924011,382.9223897449,11451.3267857143,5,0,0,0
C-070,evento,2,2,2,0.0289351405,292.8037305349,0,5,0,0,0
C-071,evento,4,4,4,0.0074771299,259.649435187,63.0166666667,4,0,0,0
C-072,evento,4,4,4,0.0332785013,302.8505785644,233.7570818071,7,0,0,0
C-073,evento,3,3,3,0.0293477049,294.6274697769,0,5,0,0,0
C-074,evento,2,2,2,0.0289351405,292.8037305349,0,5,0,0,0
C-075,evento,2,2,2,0.0001105741,177.1521661658,13.4166666667,6,0,0,0
C-076,evento,2,2,2,0.0270689256,287.6222066642,0,7,0,0,0
C-077,evento,2,2,2,0.000528051,194.9125433773,0,8,0,0,0
C-078,evento,4,4,4,0.029296341,297.0530000564,239.4962315462,5,0,0,0
C-079,evento,1,3,1.7320508076,0.0139274727,289.8523821484,0,4,0,0,0
C-080,evento,1,5,2.2360679775,0.1342610613,386.9206933708,0,2,0,0,0
C-081,evento,2,2,2,0.00080682,227.306408309,39.8615384615,3,0,0,0
C-082,evento,2,2,2,0.0006945411,205.8541121196,640,8,0,0,0
C-083,evento,3,3,3,0.0005914989,227.8266435889,146.4083333333,6,0,0,0
C-084,evento,2,2,2,0.0289351405,292.8037305349,0,5,0,0,0
C-085,evento,1,3,1.7320508076,0.0013756445,265.5379571671,0,1,0,0,0
C-086,evento,2,2,2,0.00080682,227.306408309,39.3615384615,3,0,0,0
C-087,evento,2,2,2,0.0289351405,292.8037305349,0,5,0,0,0
C-088,evento,1,3,1.7320508076,0.0139274727,289.8523821484,0,4,0,0,0
C-089,evento,2,2,2,0.0289351405,292.8037305349,0,5,0,0,0
C-090,evento,3,9,5.1961524227,0.0026778367,269.0099283977,5115.975,8,0,0,0
C-091,evento,4,4,4,0.0006184801,202.9987988665,716.7238095238,6,0,0,0
C-092,evento,2,2,2,0.0289351405,292.8037305349,0,5,0,0,0
C-093,evento,2,2,2,0.0004766292,222.3454668048,0,1,0,0,0
C-094,evento,3,4,3.4641016151,0.0002479371,209.7740156424,191.4821428571,6,0,0,0
C-095,evento,5,5,5,0.0002570525,197.6172718277,911.2333333333,7,0,0,0
C-096,evento,1,2,1.4142135624,0.0537044245,328.6786261042,0,2,0,0,0
C-097,evento,3,8,4.8989794856,0.0008754,213.0872616372,573.6071428571,6,0,0,0
C-098,evento,4,4,4,3.39729399973367E-05,179.5135782272,693.7166666667,8,0,0,0
C-099,evento,1,2,1.4142135624,0.0537044245,328.6786261042,0,2,0,0,0
C-100,evento,2,3,2.4494897428,0.029031728,290.8610682047,1004.7289742421,7,0,0,0
C-101,evento,2,2,2,0.0006934276,227.8447400471,0,8,0,0,0
C-102,evento,2,2,2,0.0006414434,195.9616926056,2.4166666667,3,0,0,0
C-103,evento,1,3,1.7320508076,0.0805566368,355.1543092766,0,2,0,0,0
C-104,evento,1,3,1.7320508076,0.0805566368,355.1543092766,0,2,0,0,0
C-105,evento,1,3,1.7320508076,0.0139274727,289.8523821484,0,4,0,0,0
C-106,evento,1,2,1.4142135624,0.0537044245,328.6786261042,0,2,0,0,0
C-107,evento,1,2,1.4142135624,0.0537044245,328.6786261042,0,2,0,0,0
C-108,evento,2,2,2,0.0314947032,297.634357138,0,4,0,0,0
C-109,evento,1,3,1.7320508076,0.0805566368,355.1543092766,0,2,0,0,0
C-110,evento,2,2,2,0.0289351405,292.8037305349,0,5,0,0,0
C-111,evento,2,8,4,0.1703982554,411.0227112999,0,2,0,0,0
C-112,evento,1,3,1.7320508076,0.0139274727,289.8523821484,0,4,0,0,0
C-113,evento,1,4,2,0.1074088491,373.3031384546,0,2,0,0,0
C-114,evento,2,2,2,0.0314947032,297.634357138,0,4,0,0,0
C-115,evento,1,2,1.4142135624,0.0092849818,272.2717905085,0,4,0,0,0
C-116,evento,1,2,1.4142135624,0.0537044245,328.6786261042,0,2,0,0,0
C-117,evento,2,3,2.4494897428,0.0583469154,338.3615236416,0,2,0,0,0
C-118,evento,1,4,2,0.1074088491,373.3031384546,0,2,0,0,0
C-119,evento,2,2,2,0.0004766292,222.3454668048,0,1,0,0,0
C-120,evento,2,2,2,0.0004766292,222.3454668048,0,1,0,0,0
C-121,evento,2,2,2,0.0004766292,222.3454668048,0,1,0,0,0
C-122,evento,2,2,2,0.0004766292,222.3454668048,0,1,0,0,0
C-123,evento,2,2,2,0.0004766292,222.3454668048,0,1,0,0,0
C-124,evento,2,2,2,0.0004766292,222.3454668048,0,1,0,0,0
C-125,evento,2,2,2,0.0004766292,222.3454668048,0,1,0,0,0
C-126,evento,2,2,2,0.0004766292,222.3454668048,0,1,0,0,0
C-127,evento,2,2,2,0.0004766292,222.3454668048,0,1,0,0,0
C-128,evento,2,2,2,0.0004766292,222.3454668048,0,1,0,0,0
C-129,evento,2,2,2,0.0004766292,222.3454668048,0,1,0,0,0
C-130,evento,2,2,2,0.0004766292,222.3454668048,0,1,0,0,0
C-131,evento,2,3,2.4494897428,0.0361371941,315.4905241357,0,4,0,0,0
C-132,evento,2,2,2,0.0314947032,297.634357138,0,4,0,0,0
C-133,evento,2,2,2,0.0269098827,283.1914093542,147.1625,4,0,0,0
C-134,evento,1,2,1.4142135624,0.0537044245,328.6786261042,0,2,0,0,0
C-135,evento,1,2,1.4142135624,0.0092849818,272.2717905085,0,4,0,0,0
C-136,evento,1,3,1.7320508076,0.0805566368,355.1543092766,0,2,0,0,0
C-137,evento,1,2,1.4142135624,0.0537044245,328.6786261042,0,2,0,0,0
C-138,evento,1,2,1.4142135624,0.0537044245,328.6786261042,0,2,0,0,0
C-139,evento,1,2,1.4142135624,0.0537044245,328.6786261042,0,2,0,0,0
C-140,evento,1,2,1.4142135624,0.0537044245,328.6786261042,0,2,0,0,0
C-141,evento,1,2,1.4142135624,0.0092849818,272.2717905085,0,4,0,0,0
C-142,evento,1,2,1.4142135624,0.0537044245,328.6786261042,0,2,0,0,0
C-143,evento,1,2,1.4142135624,0.0537044245,328.6786261042,0,2,0,0,0
C-144,evento,1,2,1.4142135624,0.0537044245,328.6786261042,0,2,0,0,0
C-145,evento,1,2,1.4142135624,0.0537044245,328.6786261042,0,2,0,0,0
C-146,evento,1,2,1.4142135624,0.0537044245,328.6786261042,0,2,0,0,0
C-147,evento,2,2,2,0.0314947032,297.634357138,0,4,0,0,0
C-148,evento,1,2,1.4142135624,0.0537044245,328.6786261042,0,2,0,0,0
C-149,evento,3,7,4.582575695,0.0023739364,287.2668013979,12.15,1,0,0,0
C-150,evento,4,5,4.472135955,0.0607479849,346.5052443156,2715.1169823232,8,0,0,0
C-151,evento,1,2,1.4142135624,0.0537044245,328.6786261042,0,2,0,0,0
C-152,evento,2,3,2.4494897428,0.0361371941,315.4905241357,0,4,0,0,0
C-153,evento,1,2,1.4142135624,0.0537044245,328.6786261042,0,2,0,0,0
C-154,evento,1,2,1.4142135624,0.0537044245,328.6786261042,0,2,0,0,0
C-155,evento,1,2,1.4142135624,0.0537044245,328.6786261042,0,2,0,0,0
C-156,evento,1,2,1.4142135624,0.0537044245,328.6786261042,0,2,0,0,0
C-157,evento,1,2,1.4142135624,0.0537044245,328.6786261042,0,2,0,0,0
C-158,evento,1,2,1.4142135624,0.0537044245,328.6786261042,0,2,0,0,0
C-159,evento,1,2,1.4142135624,0.0537044245,328.6786261042,0,2,0,0,0
C-160,evento,1,2,1.4142135624,0.0537044245,328.6786261042,0,2,0,0,0
C-161,evento,2,5,3.1622776602,0.11205134,380.45917132,0,2,0,0,0
C-162,evento,1,2,1.4142135624,0.0537044245,328.6786261042,0,2,0,0,0
C-163,evento,1,2,1.4142135624,0.0537044245,328.6786261042,0,2,0,0,0
C-164,evento,1,5,2.2360679775,0.1342610613,386.9206933708,0,2,0,0,0
C-165,evento,1,2,1.4142135624,0.0537044245,328.6786261042,0,2,0,0,0
C-166,evento,1,2,1.4142135624,0.0537044245,328.6786261042,0,2,0,0,0
C-167,evento,2,2,2,0.0289351405,292.8037305349,0,5,0,0,0
C-168,evento,1,2,1.4142135624,0.0537044245,328.6786261042,0,2,0,0,0
C-169,evento,1,2,1.4142135624,0.0537044245,328.6786261042,0,2,0,0,0
C-170,evento,1,2,1.4142135624,0.0537044245,328.6786261042,0,2,0,0,0
C-171,evento,1,2,1.4142135624,0.0537044245,328.6786261042,0,2,0,0,0
C-172,evento,1,2,1.4142135624,0.0537044245,328.6786261042,0,2,0,0,0
C-173,evento,4,4,4,0.0317979402,302.9502547507,118.1666666667,6,0,0,0
C-174,evento,4,4,4,0.0338777999,303.2529639481,0,5,0,0,0
C-175,evento,2,8,4,0.1703982554,411.0227112999,0,2,0,0,0
C-176,evento,1,2,1.4142135624,0.0537044245,328.6786261042,0,2,0,0,0
C-177,evento,2,2,2,0.0279419702,285.3122704567,0,7,0,0,0
C-178,evento,4,4,4,0.0313182373,299.2022362067,0,5,0,0,0
C-179,evento,1,3,1.7320508076,0.0805566368,355.1543092766,0,2,0,0,0
C-180,evento,4,4,4,0.0315598788,322.7659453996,0,5,0,0,0
C-181,evento,2,2,2,0.0314947032,297.634357138,0,4,0,0,0
C-182,evento,2,2,2,5.64713380132217E-05,161.3426667351,79.1875,6,0,0,0
C-183,evento,1,2,1.4142135624,0.0537044245,328.6786261042,0,2,0,0,0
C-184,evento,2,2,2,0.0269603614,284.963650021,184.2880952381,5,0,0,0
C-185,evento,2,3,2.4494897428,0.0042740057,258.373772747,239.3857142857,5,0,0,0
C-186,evento,2,9,4.2426406871,0.1528310249,411.6501611889,15584,4,0,0,0
C-187,evento,4,5,4.472135955,0.0009980467,253.1892511445,12,1,0,0,0
C-188,evento,3,3,3,0.0004058803,199.9239769989,28.25,8,0,0,0
C-189,evento,1,8,2.8284271247,0.2148176981,414.0501744015,0,2,0,0,0
C-190,evento,2,2,2,0.0025414765,253.3544307301,0,5,0,0,0
C-191,evento,3,4,3.4641016151,0.0032999997,271.5129191647,319.6666666667,1,0,0,0
C-192,evento,3,3,3,0.029235309,290.9118496442,0,5,0,0,0
C-193,evento,3,4,3.4641016151,0.0560040661,338.3739538189,706.825,7,0,0,0
C-194,evento,1,3,1.7320508076,0.0139274727,289.8523821484,0,4,0,0,0
C-195,evento,2,2,2,0.002143203,236.5077355208,150.0602439227,5,0,0,0
C-196,evento,2,2,2,0.0068086809,251.3632069284,0,4,0,0,0
C-197,evento,1,2,1.4142135624,0.0092849818,272.2717905085,0,4,0,0,0
C-198,evento,3,3,3,0.0335776314,305.4143775534,0,4,0,0,0
C-199,evento,1,2,1.4142135624,0.0537044245,328.6786261042,0,2,0,0,0
C-200,evento,2,2,2,0.0289351405,292.8037305349,0,5,0,0,0
C-201,evento,1,2,1.4142135624,0.0537044245,328.6786261042,0,2,0,0,0
C-202,evento,3,3,3,0.0276544017,288.8868631307,184.2880952381,5,0,0,0
C-203,evento,3,3,3,0.0336608932,302.2377841588,0,4,0,0,0
C-204,evento,3,3,3,0.0336608932,302.2377841588,0,4,0,0,0
C-205,evento,3,3,3,0.0336608932,302.2377841588,0,4,0,0,0
C-206,evento,6,6,6,0.0365046577,311.4978868836,5.2857142857,5,0,0,0
C-207,evento,2,2,2,0.0289351405,292.8037305349,0,5,0,0,0
C-208,evento,2,3,2.4494897428,0.0009773711,252.0911754323,0,1,0,0,0
C-209,evento,2,3,2.4494897428,0.0009773711,252.0911754323,0,1,0,0,0
C-210,evento,2,3,2.4494897428,0.0009773711,252.0911754323,0,1,0,0,0
C-211,evento,2,3,2.4494897428,0.0009773711,252.0911754323,0,1,0,0,0
C-212,evento,2,3,2.4494897428,0.0009773711,252.0911754323,0,1,0,0,0
C-213,evento,2,3,2.4494897428,0.0009773711,252.0911754323,0,1,0,0,0
C-214,evento,2,3,2.4494897428,0.0009773711,252.0911754323,0,1,0,0,0
C-215,evento,2,3,2.4494897428,0.0009773711,252.0911754323,0,1,0,0,0
C-216,evento,2,3,2.4494897428,0.0009773711,252.0911754323,0,1,0,0,0
C-217,evento,2,3,2.4494897428,0.0009773711,252.0911754323,0,1,0,0,0
C-218,evento,2,3,2.4494897428,0.0009773711,252.0911754323,0,1,0,0,0
C-219,evento,1,2,1.4142135624,0.0009170964,249.992806533,0,1,0,0,0
C-220,evento,3,4,3.4641016151,0.0047127486,278.1898889214,0,5,0,0,0
C-221,evento,2,2,2,0.0289351405,292.8037305349,0,5,0,0,0
C-222,evento,1,2,1.4142135624,0.0004492229,203.2778683741,0,6,0,0,0
C-223,evento,3,3,3,0.0006255176,226.7538370982,93,1,0,0,0
C-224,evento,6,8,6.9282032303,0.0590770087,343.3517640642,1773.2130952381,5,0,0,0
C-225,evento,5,8,6.3245553203,0.0174176733,303.4638799744,0,5,0,0,0
C-226,evento,2,5,3.1622776602,0.1078673973,395.0054893037,21792,2,0,0,0
C-227,evento,2,4,2.8284271247,0.0014359192,267.4716188626,0,1,0,0,0
C-228,evento,2,4,2.8284271247,0.0014359192,267.4716188626,0,1,0,0,0
C-229,evento,2,4,2.8284271247,0.0014359192,267.4716188626,0,1,0,0,0
C-230,evento,2,4,2.8284271247,0.0014359192,267.4716188626,0,1,0,0,0
C-231,evento,3,3,3,0.000564973,224.1447185051,0,1,0,0,0
C-232,evento,2,2,2,0.0314947032,297.634357138,0,4,0,0,0
C-233,evento,1,2,1.4142135624,0.0537044245,328.6786261042,0,2,0,0,0
C-234,evento,2,3,2.4494897428,0.0361371941,315.4905241357,0,4,0,0,0
C-235,evento,2,2,2,0.0003060419,189.0173399025,34.3333333333,6,0,0,0
C-236,evento,2,6,3.4641016151,0.0043756692,296.6605331594,0,1,0,0,0
C-237,evento,2,2,2,0.0042491183,242.8820779509,0,5,0,0,0
C-238,evento,2,2,2,6.04652801591845E-05,181.4527289779,134.3709491897,1,0,0,0
C-239,evento,2,2,2,6.04652801591836E-05,181.4527289779,133.3709491897,1,0,0,0
C-240,evento,3,6,4.2426406871,0.020751116,308.1773275429,640,4,0,0,0
C-241,evento,3,3,3,0.000604072,202.8329126378,15.1803571429,3,0,0,0
C-242,evento,3,4,3.4641016151,0.0008223392,208.9493882688,422.3152014652,8,0,0,0
C-243,evento,3,3,3,0.002381072,234.8242826962,36.769047619,6,0,0,0
C-244,evento,3,3,3,0.0023359643,230.1244174501,26.25,6,0,0,0
C-245,evento,2,3,2.4494897428,0.0045784209,257.1837038526,0,5,0,0,0
C-246,evento,4,6,4.8989794856,0.0016989761,269.0846298696,111.5083333333,1,0,0,0
C-247,evento,4,6,4.8989794856,0.0016989761,269.0846298696,100.5083333333,1,0,0,0
C-248,evento,4,4,4,0.0026532021,238.6911832934,206.8625,7,0,0,0
C-249,evento,2,2,2,0.0268715878,282.7842014377,640,8,0,0,0
C-250,evento,5,6,5.4772255751,0.0022017006,230.0362153064,2155.1930555556,7,0,0,0
C-251,evento,6,7,6.4807406984,0.0287827328,307.2373634078,732.9838605839,3,0,0,0
C-252,evento,1,2,1.4142135624,0.0009170964,249.992806533,0,1,0,0,0
C-253,evento,1,2,1.4142135624,0.0009170964,249.992806533,0,1,0,0,0
C-254,evento,1,2,1.4142135624,1.05774029287863E-05,158.9111978809,0,7,0,0,0
C-255,evento,2,4,2.8284271247,0.0629894063,349.583217477,0,4,0,0,0
C-256,evento,3,4,3.4641016151,0.0008415831,208.4429996612,137.5702380952,8,0,0,0
C-257,evento,2,2,2,0.0289351405,292.8037305349,0,5,0,0,0
C-258,evento,1,5,2.2360679775,0.0022927409,283.7347778864,0,1,0,0,0
C-259,evento,4,4,4,0.0274448844,289.7086883672,640,3,0,0,0
C-260,evento,2,2,2,0.0279419702,285.3122704567,0,7,0,0,0
C-261,evento,4,4,4,0.03133621,304.1783700099,68.3380050505,5,0,0,0
C-262,evento,2,2,2,0.0279419702,285.3122704567,0,7,0,0,0
C-263,evento,2,2,2,0.0279419702,285.3122704567,0,7,0,0,0
C-264,evento,1,2,1.4142135624,0.0537044245,328.6786261042,0,2,0,0,0
C-265,evento,4,4,4,0.0049656256,245.9041945223,57.8701624764,5,0,0,0
C-266,evento,4,4,4,0.0007816864,228.6282100038,2.9672619048,1,0,0,0
C-267,evento,4,4,4,0.0007816864,228.6282100038,2.9672619048,1,0,0,0
C-268,evento,4,4,4,0.0271395021,293.6778305314,1208.4151764902,8,0,0,0
C-269,evento,2,2,2,0.0271052635,284.737693005,36.6390886891,5,0,0,0
C-270,evento,2,2,2,0.0057322488,251.0745677044,195.2051587302,7,0,0,0
C-271,evento,2,2,2,0.0279419702,285.3122704567,0,7,0,0,0
C-272,evento,2,2,2,0.0279419702,285.3122704567,0,7,0,0,0
C-273,evento,2,2,2,0.0289351405,292.8037305349,0,5,0,0,0
C-274,evento,2,2,2,0.0010905442,182.4641795531,640,7,0,0,0
C-275,evento,5,5,5,0.034047396,310.9280168458,102.1337468087,5,0,0,0
C-276,evento,2,2,2,0.0279419702,285.3122704567,0,7,0,0,0
C-277,evento,2,2,2,0.0279419702,285.3122704567,0,7,0,0,0
C-278,evento,2,2,2,0.0279419702,285.3122704567,0,7,0,0,0
C-279,evento,1,2,1.4142135624,0.0041658566,256.2158240192,0,5,0,0,0
C-280,evento,1,2,1.4142135624,0.0537044245,328.6786261042,0,2,0,0,0
C-281,evento,2,2,2,0.0279419702,285.3122704567,0,7,0,0,0
C-282,evento,2,2,2,0.0279419702,285.3122704567,0,7,0,0,0
C-283,evento,2,2,2,0.0279419702,285.3122704567,0,7,0,0,0
C-284,evento,3,3,3,0.0291881918,294.9643097009,36.6390886891,5,0,0,0
C-285,evento,4,5,4.472135955,0.0014964842,241.257785037,96.2139957265,8,0,0,0
C-286,evento,3,3,3,0.0291881918,294.9643097009,36.6390886891,5,0,0,0
C-287,evento,2,2,2,0.0279419702,285.3122704567,0,7,0,0,0
C-288,evento,4,4,4,0.0302779497,297.8010267833,94.1547831554,5,0,0,0
C-289,evento,2,3,2.4494897428,0.0009773711,252.0911754323,0,1,0,0,0
C-290,evento,5,6,5.4772255751,0.000772255,232.7622470106,720.3595238095,1,0,0,0
C-291,evento,1,4,2,0.0018341927,275.9885303489,0,1,0,0,0
C-292,evento,2,2,2,0.0279419702,285.3122704567,0,7,0,0,0
C-293,evento,2,2,2,0.0279419702,285.3122704567,0,7,0,0,0
C-294,evento,2,2,2,0.0279419702,285.3122704567,0,7,0,0,0
C-295,evento,5,6,5.4772255751,0.0090525088,281.718057392,1025.8073412698,7,0,0,0
C-296,evento,2,2,2,0.0279419702,285.3122704567,0,7,0,0,0
C-297,evento,4,10,6.3245553203,0.0004356465,210.4238872233,1134,8,0,0,0
C-298,evento,1,2,1.4142135624,1.5956545220434E-18,4.2426406871,0,0,0,0,0
C-299,evento,1,2,1.4142135624,1.90395458148411E-18,4.2426406871,0,0,0,0,0
C-300,evento,1,2,1.4142135624,1.88330936003139E-18,4.2426406871,0,0,0,0,0
C-301,evento,1,2,1.4142135624,1.49863059535529E-18,4.2426406871,0,0,0,0,0
C-302,evento,1,2,1.4142135624,1.8402003765251E-18,4.2426406871,0,0,0,0,0
C-303,evento,3,3,3,0.0300248984,295.6404476172,38.3994246251,7,0,0,0
C-304,evento,2,3,2.4494897428,0.029031728,290.8610682047,1157.4308973191,7,0,0,0
C-305,evento,2,2,2,0.0289351405,292.8037305349,0,5,0,0,0
C-306,evento,4,8,5.6568542495,0.0026003927,288.3240086224,1257.9672619048,1,0,0,0
C-307,evento,2,2,2,0.0289351405,292.8037305349,0,5,0,0,0
C-308,evento,1,9,3,0.0041269336,302.5424369389,0,1,0,0,0
C-309,evento,1,9,3,0.0041269336,302.5424369389,0,1,0,0,0
C-310,evento,3,3,3,0.0300248984,295.6404476172,38.5244246251,7,0,0,0
C-311,evento,3,3,3,0.0034257374,241.1878322205,61.5156944664,5,0,0,0
C-312,evento,5,5,5,0.0324441397,303.1392028529,94.1547831554,5,0,0,0
C-313,evento,2,2,2,0.0279419702,285.3122704567,0,7,0,0,0
C-314,evento,2,2,2,0.0279419702,285.3122704567,0,7,0,0,0
C-315,evento,5,6,5.4772255751,0.0010912382,217.6838909687,699.7714285714,8,0,0,0
C-316,evento,1,6,2.4494897428,0.0027512891,289.8201483955,0,1,0,0,0
C-317,evento,2,2,2,0.0268746099,282.9299008121,355.375,7,0,0,0
C-318,evento,2,2,2,0.0010907818,183.2969919876,197.843593687,8,0,0,0
C-319,evento,2,2,2,0.0025414765,253.3544307301,0,5,0,0,0
C-320,evento,3,4,3.4641016151,0.0312711201,308.8813464888,111.1274586525,5,0,0,0
C-321,evento,5,6,5.4772255751,0.0387078015,323.5310537145,3332.7468788156,4,0,0,0
C-322,evento,5,6,5.4772255751,0.0387078015,323.5310537145,3142.5950931013,4,0,0,0
C-323,evento,3,3,3,0.0281950214,287.753419389,59.7553585304,7,0,0,0
C-324,evento,2,3,2.4494897428,0.0010054402,251.4684883782,0,1,0,0,0
C-325,evento,1,2,1.4142135624,0.0009170964,249.992806533,0,1,0,0,0
C-326,evento,2,2,2,0.0290184023,289.8780329656,0,5,0,0,0
C-327,evento,2,2,2,0.0290184023,289.8780329656,0,5,0,0,0
C-328,evento,2,3,2.4494897428,0.0558706146,333.8946620801,0,2,0,0,0
C-329,evento,2,2,2,0.0279419702,285.3122704567,0,7,0,0,0
C-330,evento,4,5,4.472135955,0.0386516559,321.1816206137,86.2959859585,4,0,0,0
C-331,evento,2,2,2,0.0314947032,297.634357138,0,4,0,0,0
C-332,evento,2,3,2.4494897428,0.0558706146,333.8946620801,0,2,0,0,0
C-333,evento,2,2,2,0.0290184023,289.8780329656,0,5,0,0,0
C-334,evento,2,2,2,0.0290184023,289.8780329656,0,5,0,0,0
C-335,evento,5,6,5.4772255751,0.038079801,323.2028736867,158.0987651238,5,0,0,0
C-336,evento,2,3,2.4494897428,0.0558706146,333.8946620801,0,2,0,0,0
C-337,evento,2,2,2,0.0272004841,284.654423302,0,3,0,0,0
C-338,evento,2,2,2,0.0290184023,289.8780329656,0,5,0,0,0
C-339,evento,2,2,2,0.0290184023,289.8780329656,0,5,0,0,0
C-340,evento,2,2,2,0.0290184023,289.8780329656,0,5,0,0,0
C-341,evento,2,4,2.8284271247,0.0407796849,326.230201686,0,4,0,0,0
C-342,evento,1,2,1.4142135624,0.0009170964,249.992806533,0,1,0,0,0
C-343,evento,3,3,3,0.0301081602,292.9762736179,0,7,0,0,0
C-344,evento,2,3,2.4494897428,0.0539975962,333.3590409589,689.7267126149,2,0,0,0
C-345,evento,2,3,2.4494897428,0.0539975962,333.3590409589,726.7267126149,2,0,0,0
C-346,evento,2,3,2.4494897428,0.0539975962,333.3590409589,703.5600459482,2,0,0,0
C-347,evento,2,3,2.4494897428,0.0539975962,333.3590409589,805.5985074867,2,0,0,0
C-348,evento,2,3,2.4494897428,0.0539975962,333.3590409589,812.3517126149,2,0,0,0
C-349,evento,3,3,3,0.0002806017,198.23441307,59.018452381,6,0,0,0
C-350,evento,2,4,2.8284271247,0.0034585728,280.2401609855,0,1,0,0,0
C-351,evento,3,3,3,0.0292283122,298.2262720891,41.1071446828,8,0,0,0
C-352,evento,3,3,3,0.0292283122,298.2262720891,41.1071446828,8,0,0,0
C-353,evento,1,2,1.4142135624,0.0092849818,272.2717905085,0,4,0,0,0
C-354,evento,4,5,4.472135955,0.0116685778,283.613695672,0,5,0,0,0
C-355,evento,2,2,2,0.0024010695,230.8222624857,22.3952922078,8,0,0,0
C-356,evento,4,4,4,0.03031807,300.9421005619,204.6608733372,8,0,0,0
C-357,evento,3,5,3.8729833462,0.0034766538,280.7760593704,36.1,1,0,0,0
C-358,evento,4,4,4,0.034009165,304.4813104782,2.9880952381,3,0,0,0
C-359,evento,2,2,2,0.0002262967,186.4037997891,43.7583333333,6,0,0,0
C-360,evento,1,5,2.2360679775,0.1342610613,386.9206933708,0,2,0,0,0
C-361,evento,1,2,1.4142135624,0.0537044245,328.6786261042,0,2,0,0,0
C-362,evento,1,2,1.4142135624,0.0092849818,272.2717905085,0,4,0,0,0
C-363,evento,3,3,3,0.0030951097,233.7772429149,62.4887987013,5,0,0,0
C-364,evento,2,3,2.4494897428,0.0041882542,256.9473098313,283.625,5,0,0,0
C-365,evento,3,3,3,0.0007526625,203.4159092019,17.9742063492,8,0,0,0
C-366,evento,1,5,2.2360679775,0.0022927409,283.7347778864,0,1,0,0,0
C-367,evento,2,3,2.4494897428,0.0557873528,334.8957044155,0,2,0,0,0
C-368,evento,2,2,2,0.0289351405,292.8037305349,0,5,0,0,0
C-369,evento,2,2,2,0.0031726862,238.8251026774,34.3994246251,7,0,0,0
C-370,evento,2,2,2,0.0002415149,193.9579619896,11.0833333333,6,0,0,0
C-371,evento,2,2,2,0.0289351405,292.8037305349,0,5,0,0,0
C-372,evento,2,2,2,0.0289351405,292.8037305349,0,5,0,0,0
C-373,evento,1,2,1.4142135624,0.0537044245,328.6786261042,0,2,0,0,0
C-374,evento,1,2,1.4142135624,0.0092849818,272.2717905085,0,4,0,0,0
C-375,evento,2,2,2,0.0289351405,292.8037305349,0,5,0,0,0
C-376,evento,2,2,2,0.0290184023,289.8780329656,0,5,0,0,0
C-377,evento,2,2,2,0.0314947032,297.634357138,0,4,0,0,0
C-378,evento,2,2,2,0.0314947032,297.634357138,0,4,0,0,0
C-379,evento,2,2,2,0.0314947032,297.634357138,0,4,0,0,0
C-380,evento,2,2,2,0.0314947032,297.634357138,0,4,0,0,0
C-381,evento,2,2,2,0.0289351405,292.8037305349,0,5,0,0,0
C-382,evento,1,2,1.4142135624,0.0092849818,272.2717905085,0,4,0,0,0
C-383,evento,1,2,1.4142135624,0.0092849818,272.2717905085,0,4,0,0,0
C-384,evento,4,4,4,0.0272449304,288.5572343324,1051.2238095238,3,0,0,0
C-385,evento,1,3,1.7320508076,0.0139274727,289.8523821484,0,4,0,0,0
C-386,evento,2,2,2,0.0272004841,284.654423302,0,3,0,0,0
C-387,evento,2,2,2,0.0003208233,182.2361563788,17.55,5,0,0,0
C-388,evento,2,2,2,0.000035107,170.9854234856,119.3840709729,8,0,0,0
C-389,evento,5,5,5,0.0316844818,305.9171012469,59.6011002886,5,0,0,0
C-390,evento,2,4,2.8284271247,0.0851991277,363.2850662039,0,2,0,0,0
C-391,evento,2,2,2,0.0290184023,289.8780329656,0,5,0,0,0
C-392,evento,3,5,3.8729833462,0.0344405403,312.6722394946,497.7696123321,5,0,0,0
C-393,evento,1,3,1.7320508076,0.0805566368,355.1543092766,0,2,0,0,0
C-394,evento,2,3,2.4494897428,0.0361371941,315.4905241357,0,4,0,0,0
C-395,evento,4,5,4.472135955,0.0008524986,214.8719895052,323.4036662168,6,0,0,0
C-396,evento,2,2,2,0.0290184023,289.8780329656,0,5,0,0,0
C-397,evento,4,5,4.472135955,0.0064044365,268.5758227503,788.2833333333,5,0,0,0
C-398,evento,5,6,5.4772255751,0.0010203275,220.309011664,909.2547979798,8,0,0,0
C-399,evento,2,2,2,0.0290184023,289.8780329656,0,5,0,0,0
C-400,evento,2,7,3.7416573868,0.0027722099,291.5314138677,719,1,0,0,0
C-401,evento,1,4,2,0.0027761611,246.6077244098,0,5,0,0,0
C-402,evento,2,2,2,0.0279419702,285.3122704567,0,7,0,0,0
C-403,evento,2,2,2,0.0279419702,285.3122704567,0,7,0,0,0
C-404,evento,2,2,2,0.0279419702,285.3122704567,0,7,0,0,0
C-405,evento,2,2,2,0.0279419702,285.3122704567,0,7,0,0,0
C-406,evento,5,5,5,0.0033693271,236.7867955885,135.9888888889,5,0,0,0
C-407,evento,3,3,3,0.0281768496,294.0205710576,491.2728354978,8,0,0,0
C-408,evento,3,3,3,0.0317295826,305.3030239679,263.0718344156,8,0,0,0
C-409,evento,2,2,2,0.0279419702,285.3122704567,0,7,0,0,0
C-410,evento,1,7,2.6457513111,0.1879654859,406.5725052282,0,2,0,0,0
C-411,evento,1,2,1.4142135624,0.0537044245,328.6786261042,0,2,0,0,0
C-412,evento,1,2,1.4142135624,0.0537044245,328.6786261042,0,2,0,0,0
C-413,evento,2,4,2.8284271247,0.0014359192,267.4716188626,0,1,0,0,0
C-414,evento,1,2,1.4142135624,0.0537044245,328.6786261042,0,2,0,0,0
C-415,evento,2,2,2,0.0289351405,292.8037305349,0,5,0,0,0
C-416,evento,4,5,4.472135955,0.0625960337,346.0842082175,0,5,0,0,0
C-417,evento,2,4,2.8284271247,0.0010376457,253.300044747,252.5767399267,1,0,0,0
C-418,evento,2,4,2.8284271247,0.0010376457,253.300044747,267.4934065934,1,0,0,0
C-419,evento,2,4,2.8284271247,0.0010376457,253.300044747,255.8267399267,1,0,0,0
C-420,evento,2,2,2,0.0272004841,284.654423302,0,3,0,0,0
C-421,evento,3,3,3,0.0281768496,294.0205710576,304.4395021645,8,0,0,0
C-422,evento,1,2,1.4142135624,0.0537044245,328.6786261042,0,2,0,0,0
C-423,evento,1,2,1.4142135624,0.0537044245,328.6786261042,0,2,0,0,0
C-424,evento,1,2,1.4142135624,0.0537044245,328.6786261042,0,2,0,0,0
C-425,evento,4,4,4,0.0093041736,266.0799888382,0,5,0,0,0
C-426,evento,4,4,4,0.0002565414,193.4718105978,661.4083333333,8,0,0,0
C-427,evento,2,2,2,0.0279419702,285.3122704567,0,7,0,0,0
C-428,evento,1,2,1.4142135624,0.0537044245,328.6786261042,0,2,0,0,0
C-429,evento,2,6,3.4641016151,0.0179497419,296.8452293715,0,5,0,0,0
C-430,evento,2,2,2,0.0290184023,289.8780329656,0,5,0,0,0
C-431,evento,2,2,2,8.27417239973591E-05,184.3569096114,5.95,5,0,0,0
C-432,evento,1,2,1.4142135624,0.0537044245,328.6786261042,0,2,0,0,0
C-433,evento,2,2,2,5.64713380132221E-05,161.3426667351,79.6875,6,0,0,0
C-434,evento,1,2,1.4142135624,0.0537044245,328.6786261042,0,2,0,0,0
C-435,evento,3,3,3,8.29323155155652E-05,185.0235762781,240.3371524309,1,0,0,0
C-436,evento,1,2,1.4142135624,0.0537044245,328.6786261042,0,2,0,0,0
C-437,evento,1,2,1.4142135624,0.0537044245,328.6786261042,0,2,0,0,0
C-438,evento,3,3,3,0.0336608932,302.2377841588,0,4,0,0,0
C-439,evento,2,2,2,0.0005188229,224.0555565212,0,1,0,0,0
C-440,evento,2,3,2.4494897428,0.0003977402,207.8368362341,121.2308080808,6,0,0,0
C-441,evento,2,2,2,6.04652801591856E-05,181.4527289779,136.3709491897,1,0,0,0
C-442,evento,6,9,7.3484692283,0.0151051042,331.5994037827,11733.5199467199,5,0,0,0
C-443,evento,1,2,1.4142135624,0.0092849818,272.2717905085,0,4,0,0,0
C-444,evento,1,2,1.4142135624,0.0537044245,328.6786261042,0,2,0,0,0
C-445,evento,1,6,2.4494897428,0.0027512891,289.8201483955,0,1,0,0,0
C-446,evento,1,2,1.4142135624,0.0537044245,328.6786261042,0,2,0,0,0
C-447,evento,1,5,2.2360679775,0.0022927409,283.7347778864,0,1,0,0,0
C-448,evento,2,3,2.4494897428,0.0558706146,333.8946620801,0,2,0,0,0
C-449,evento,1,2,1.4142135624,0.0092849818,272.2717905085,0,4,0,0,0
C-450,evento,2,2,2,0.0006752615,226.689510535,0,7,0,0,0
C-451,evento,4,4,4,0.0006280875,228.409475302,20.1714285714,1,0,0,0
C-452,evento,4,4,4,0.0006280875,228.409475302,20.1714285714,1,0,0,0
C-453,evento,4,4,4,0.0006280875,228.409475302,20.1714285714,1,0,0,0
C-454,evento,3,4,3.4641016151,0.0291118283,302.3364033153,323.9375,1,0,0,0
C-455,evento,2,2,2,0.0025414765,253.3544307301,0,5,0,0,0
C-456,evento,3,6,4.2426406871,0.0019828113,279.0142217168,10.0214285714,1,0,0,0
C-457,evento,3,5,3.8729833462,0.0014849092,268.8188173552,0,1,0,0,0
C-458,evento,3,3,3,0.031842975,300.0707040029,0,3,0,0,0
C-459,evento,1,2,1.4142135624,0.0537044245,328.6786261042,0,2,0,0,0
C-460,evento,1,2,1.4142135624,0.0537044245,328.6786261042,0,2,0,0,0
C-461,evento,1,2,1.4142135624,0.0537044245,328.6786261042,0,2,0,0,0
C-462,evento,1,2,1.4142135624,0.0537044245,328.6786261042,0,2,0,0,0
C-463,evento,1,2,1.4142135624,0.0537044245,328.6786261042,0,2,0,0,0
C-464,evento,1,2,1.4142135624,0.0537044245,328.6786261042,0,2,0,0,0
C-465,evento,3,4,3.4641016151,0.0565646549,335.5898331189,0,5,0,0,0
C-466,evento,1,2,1.4142135624,0.0537044245,328.6786261042,0,2,0,0,0
C-467,evento,2,3,2.4494897428,0.0095016951,276.7661600738,0,4,0,0,0
C-468,evento,1,3,1.7320508076,0.0013756445,265.5379571671,0,1,0,0,0
C-469,evento,1,2,1.4142135624,0.0004334267,208.7844796942,0,7,0,0,0
C-470,evento,1,2,1.4142135624,0.0537044245,328.6786261042,0,2,0,0,0
C-471,evento,1,2,1.4142135624,0.0092849818,272.2717905085,0,4,0,0,0
C-472,evento,1,2,1.4142135624,0.0537044245,328.6786261042,0,2,0,0,0
C-473,evento,1,2,1.4142135624,0.0537044245,328.6786261042,0,2,0,0,0
C-474,evento,1,2,1.4142135624,0.0537044245,328.6786261042,0,2,0,0,0
C-475,evento,1,2,1.4142135624,0.0537044245,328.6786261042,0,2,0,0,0
C-476,evento,1,2,1.4142135624,0.0537044245,328.6786261042,0,2,0,0,0
C-477,evento,1,2,1.4142135624,0.0537044245,328.6786261042,0,2,0,0,0
C-478,evento,1,2,1.4142135624,0.0537044245,328.6786261042,0,2,0,0,0
C-479,evento,1,2,1.4142135624,0.0537044245,328.6786261042,0,2,0,0,0
C-480,evento,3,4,3.4641016151,0.0383033841,319.124926642,0,4,0,0,0
C-481,evento,1,2,1.4142135624,0.0537044245,328.6786261042,0,2,0,0,0
C-482,evento,1,2,1.4142135624,0.0092849818,272.2717905085,0,4,0,0,0
C-483,evento,4,5,4.472135955,0.0385279955,322.7805087764,1070.083044733,4,0,0,0
C-484,evento,1,2,1.4142135624,0.0537044245,328.6786261042,0,2,0,0,0
C-485,evento,1,2,1.4142135624,0.0537044245,328.6786261042,0,2,0,0,0
C-486,evento,1,2,1.4142135624,0.0537044245,328.6786261042,0,2,0,0,0
C-487,evento,1,2,1.4142135624,0.0537044245,328.6786261042,0,2,0,0,0
C-488,evento,2,9,4.2426406871,0.219460189,419.1609346876,0,2,0,0,0
C-489,evento,2,2,2,7.82560361922487E-07,132.4872050063,640,3,0,0,0
C-490,evento,1,2,1.4142135624,0.0537044245,328.6786261042,0,2,0,0,0
C-491,evento,2,3,2.4494897428,0.0093426523,273.1040884006,139.3291666667,4,0,0,0
C-492,evento,2,3,2.4494897428,0.0093426523,273.1040884006,140.8291666667,4,0,0,0
C-493,evento,4,5,4.472135955,0.0315909521,312.464732378,489.5720779221,5,0,0,0
C-494,evento,1,2,1.4142135624,0.0537044245,328.6786261042,0,2,0,0,0
C-495,evento,4,10,6.3245553203,0.1706156613,412.3443721553,7610,2,0,0,0
C-496,evento,2,2,2,0.0290184023,289.8780329656,0,5,0,0,0
C-497,evento,1,2,1.4142135624,0.0537044245,328.6786261042,0,2,0,0,0
C-498,evento,2,2,2,0.0289351405,292.8037305349,0,5,0,0,0
C-499,evento,1,2,1.4142135624,0.0537044245,328.6786261042,0,2,0,0,0
C-500,evento,1,2,1.4142135624,0.0537044245,328.6786261042,0,2,0,0,0
C-501,evento,5,6,5.4772255751,0.0389744373,329.4608872268,2633.5395479521,4,0,0,0
C-502,evento,1,2,1.4142135624,0.0537044245,328.6786261042,0,2,0,0,0
C-503,evento,1,2,1.4142135624,0.0537044245,328.6786261042,0,2,0,0,0
C-504,evento,1,2,1.4142135624,0.0537044245,328.6786261042,0,2,0,0,0
C-505,evento,1,2,1.4142135624,0.0537044245,328.6786261042,0,2,0,0,0
C-506,evento,1,2,1.4142135624,0.0537044245,328.6786261042,0,2,0,0,0
C-507,evento,1,2,1.4142135624,0.0537044245,328.6786261042,0,2,0,0,0
C-508,evento,1,2,1.4142135624,0.0537044245,328.6786261042,0,2,0,0,0
C-509,evento,2,2,2,0.0002941956,186.3449375744,371.2140020068,8,0,0,0
C-510,evento,1,2,1.4142135624,0.0092849818,272.2717905085,0,4,0,0,0
C-511,evento,1,2,1.4142135624,0.0537044245,328.6786261042,0,2,0,0,0
C-512,evento,1,2,1.4142135624,0.0009170964,249.992806533,0,1,0,0,0
C-513,evento,2,3,2.4494897428,0.0361371941,315.4905241357,0,4,0,0,0
C-514,evento,1,3,1.7320508076,0.0805566368,355.1543092766,0,2,0,0,0
C-515,evento,2,2,2,0.0269098827,283.1914093542,145.6625,4,0,0,0
C-516,evento,1,2,1.4142135624,0.0092849818,272.2717905085,0,4,0,0,0
C-517,evento,1,2,1.4142135624,0.0537044245,328.6786261042,0,2,0,0,0
C-518,evento,1,2,1.4142135624,0.0537044245,328.6786261042,0,2,0,0,0
C-519,evento,1,2,1.4142135624,0.0021795158,200.0782001729,0,7,0,0,0
C-520,evento,1,2,1.4142135624,0.0537044245,328.6786261042,0,2,0,0,0
C-521,evento,1,2,1.4142135624,1.50497155929244E-18,3.3376001907,0,0,0,0,0
C-522,evento,1,2,1.4142135624,0.0537044245,328.6786261042,0,2,0,0,0
C-523,evento,1,2,1.4142135624,1.64810027584506E-18,3.3376001907,0,0,0,0,0
C-524,evento,2,2,2,0.0268715878,282.7842014377,640,1,0,0,0
C-525,evento,2,4,2.8284271247,0.0629894063,349.583217477,0,4,0,0,0
C-526,evento,1,2,1.4142135624,0.0537044245,328.6786261042,0,2,0,0,0
C-527,evento,1,2,1.4142135624,0.0537044245,328.6786261042,0,2,0,0,0
C-528,evento,1,2,1.4142135624,0.0092849818,272.2717905085,0,4,0,0,0
C-529,evento,1,2,1.4142135624,0.0537044245,328.6786261042,0,2,0,0,0
C-530,evento,1,2,1.4142135624,0.0537044245,328.6786261042,0,2,0,0,0
C-531,evento,1,2,1.4142135624,0.0537044245,328.6786261042,0,2,0,0,0
C-532,evento,1,2,1.4142135624,0.0537044245,328.6786261042,0,2,0,0,0
C-533,evento,1,2,1.4142135624,0.000135544,189.0584196575,0,5,0,0,0
C-534,evento,1,2,1.4142135624,0.0537044245,328.6786261042,0,2,0,0,0
C-535,evento,3,3,3,0.0317114165,302.1349276134,0,7,0,0,0
C-536,evento,1,2,1.4142135624,0.0537044245,328.6786261042,0,2,0,0,0
C-537,evento,1,2,1.4142135624,0.0537044245,328.6786261042,0,2,0,0,0
C-538,evento,1,2,1.4142135624,0.0092849818,272.2717905085,0,4,0,0,0
C-539,evento,3,3,3,0.0336608932,302.2377841588,0,4,0,0,0
C-540,evento,1,2,1.4142135624,0.0537044245,328.6786261042,0,2,0,0,0
C-541,evento,1,2,1.4142135624,0.0537044245,328.6786261042,0,2,0,0,0
C-542,evento,1,2,1.4142135624,0.0537044245,328.6786261042,0,2,0,0,0
C-543,evento,1,2,1.4142135624,0.0537044245,328.6786261042,0,2,0,0,0
C-544,evento,1,2,1.4142135624,0.0537044245,328.6786261042,0,2,0,0,0
C-545,evento,1,2,1.4142135624,0.0537044245,328.6786261042,0,2,0,0,0
C-546,evento,2,3,2.4494897428,0.0311845924,301.4083087488,0,5,0,0,0
C-547,evento,1,2,1.4142135624,0.0537044245,328.6786261042,0,2,0,0,0
C-548,evento,2,4,2.8284271247,4.59589237657957E-18,4.2891289515,3,0,0,0,0
C-549,evento,1,2,1.4142135624,0.0537044245,328.6786261042,0,2,0,0,0
C-550,evento,1,2,1.4142135624,0.0537044245,328.6786261042,0,2,0,0,0
C-551,evento,1,2,1.4142135624,0.0537044245,328.6786261042,0,2,0,0,0
C-552,evento,1,2,1.4142135624,0.0537044245,328.6786261042,0,2,0,0,0
C-553,evento,1,2,1.4142135624,0.0537044245,328.6786261042,0,2,0,0,0
C-554,evento,1,2,1.4142135624,0.0537044245,328.6786261042,0,2,0,0,0
C-555,evento,1,2,1.4142135624,0.0537044245,328.6786261042,0,2,0,0,0
C-556,evento,1,2,1.4142135624,0.0537044245,328.6786261042,0,2,0,0,0
C-557,evento,1,2,1.4142135624,0.0537044245,328.6786261042,0,2,0,0,0
C-558,evento,1,2,1.4142135624,0.0021795158,200.0782001729,0,7,0,0,0
C-559,evento,2,2,2,0.0314947032,297.634357138,0,4,0,0,0
C-560,evento,1,2,1.4142135624,0.0537044245,328.6786261042,0,2,0,0,0
C-561,evento,1,2,1.4142135624,0.0537044245,328.6786261042,0,2,0,0,0
C-562,evento,1,2,1.4142135624,0.0537044245,328.6786261042,0,2,0,0,0
C-563,evento,1,2,1.4142135624,0.0537044245,328.6786261042,0,2,0,0,0
C-564,evento,1,2,1.4142135624,0.0043323801,244.947509783,0,5,0,0,0
C-565,evento,1,2,1.4142135624,0.0537044245,328.6786261042,0,2,0,0,0
C-566,evento,1,2,1.4142135624,0.0537044245,328.6786261042,0,2,0,0,0
C-567,evento,2,4,2.8284271247,0.0851991277,363.2850662039,0,2,0,0,0
C-568,evento,1,2,1.4142135624,0.0537044245,328.6786261042,0,2,0,0,0
C-569,evento,1,5,2.2360679775,0.0022927409,283.7347778864,0,1,0,0,0
C-570,evento,2,6,3.4641016151,0.0023530156,285.4868173055,0,1,0,0,0
C-571,evento,1,2,1.4142135624,0.0537044245,328.6786261042,0,2,0,0,0
C-572,evento,1,2,1.4142135624,0.0537044245,328.6786261042,0,2,0,0,0
C-573,evento,1,5,2.2360679775,0.0022927409,283.7347778864,0,1,0,0,0
C-574,evento,1,5,2.2360679775,0.0022927409,283.7347778864,0,1,0,0,0
C-575,evento,2,2,2,0.0289351405,292.8037305349,0,5,0,0,0
C-576,evento,3,3,3,0.028956019,293.4703972015,640,5,0,0,0
C-577,evento,5,9,6.7082039325,0.0057571906,302.5590867719,8336.9720238095,1,0,0,0
C-578,evento,1,2,1.4142135624,0.0021795158,200.0782001729,0,7,0,0,0
C-579,evento,1,2,1.4142135624,0.0021795158,200.0782001729,0,7,0,0,0
C-580,evento,4,4,4,0.0021109371,232.470288494,1286.0273809524,6,0,0,0
C-581,evento,2,2,2,5.64713380132214E-05,161.3426667351,79.6875,6,0,0,0
C-582,evento,1,2,1.4142135624,0.0537044245,328.6786261042,0,2,0,0,0
C-583,evento,2,2,2,0.000528051,194.9125433773,0,8,0,0,0
