name,tipo,centralidad_grado,centralidad_intermediacion,centralidad_eigenvector,centralidad_cercania,centralidad_grado_normalizado,centralidad_cercania_normalizada,centralidad_intermediacion_normalizada,componente,clustering_local
AA,actor,1,0,0,1.5,0.0017152659,0.0010380623,0,1,NA
AARC,actor,1,0,6.93008178070179E-08,119.4133449883,0.0017152659,0.0826389931,0,2,NA
ABB,actor,2,0.1666666667,0.0006657597,160.7358225108,0.0034305317,0.1112358633,3.24880590139094E-07,2,0.9
ABC,actor,1,0,7.26074323742673E-11,92.8298673549,0.0017152659,0.0642421227,0,2,NA
ACUDDEH,actor,2,177.4029267428,2.81935316820125E-06,148.9584415584,0.0034305317,0.1030854267,0.0003458086,2,0.1052631579
ACVictorianoPol,actor,1,0,0,4.3333333333,0.0017152659,0.0029988466,0,3,NA
AEMAC,actor,1,0,2.29008019441317E-05,159.5477633478,0.0017152659,0.1104136771,0,2,NA
AHMLFMYMY,actor,1,0,0.000000002,107.2286699412,0.0017152659,0.074206692,0,2,NA
AI,actor,3,6688.9615927141,3.89558494109653E-06,148.4073232323,0.0051457976,0.1027040299,0.0130386827,2,0
AJTEAM,actor,4,25.9128172923,4.27338153630315E-06,146.3370851371,0.0068610635,0.1012713392,5.05114282444382E-05,2,1
ALCANO,actor,2,0.1111111111,7.09683681599534E-06,147.1805777556,0.0034305317,0.1018550711,2.1658706009273E-07,2,0.3571428571
Alconsumidor,actor,1,0,6.88294268323514E-07,142.0319264069,0.0017152659,0.0982919906,0,2,NA
AMDJ,actor,1,0,2.68148028237774E-06,138.3890692641,0.0017152659,0.0957709822,0,2,NA
AMOTAC,actor,2,0.1666666667,2.89061205970549E-06,142.6417249417,0.0034305317,0.0987139965,3.24880590139094E-07,2,0.2
AMUCSS,actor,2,267.8843022891,6.3818678001602E-06,162.9643939394,0.0034305317,0.1127781273,0.0005221825,2,0.1428571429
ANAD,actor,3,10606.7868915585,0.0001115264,187.8393578644,0.0051457976,0.1299926352,0.0206756351,2,0.025
ANDAR,actor,1,0,0,2.5,0.0017152659,0.0017301038,0,4,NA
Anonymous,actor,1,0,3.39462057808158E-06,135.9644660895,0.0017152659,0.0940930561,0,2,NA
ANP,actor,8,189.0522549872,0.0017065929,176.9123737374,0.0137221269,0.1224307085,0.0003685164,2,0.9411764706
ANUEE,actor,4,2805.9270305236,0.0007477622,191.7067460317,0.0068610635,0.1326690284,0.0054695474,2,0.2173913043
AP,actor,1,0,0,4.3333333333,0.0017152659,0.0029988466,0,3,NA
APIITDTT,actor,3,621.7452913719,0.0003554676,166.9595598846,0.0051457976,0.115542948,0.0012119579,2,0.5
APPG,actor,1,0,0,1.5,0.0017152659,0.0010380623,0,5,NA
ASPA,actor,7,2281.35889004,0.0019629689,209.048015873,0.0120068611,0.1446699072,0.0044470153,2,0.3756957328
ASSA,actor,4,1018.3993357786,0.0012353409,199.0591269841,0.0068610635,0.1377571813,0.0019851491,2,0.4243902439
ATEM,actor,1,0,0.0003188004,174.2334054834,0.0017152659,0.1205767512,0,2,NA
ATM,actor,7,2834.0331512284,0.0022003518,209.1123015873,0.0120068611,0.1447143956,0.0055243342,2,0.2868391451
ATSEP,actor,1,0,0.000022529,156.7112554113,0.0017152659,0.1084506958,0,2,NA
Barzón,actor,37,26647.00511017,0.0001692801,221.7115079365,0.063464837,0.1534335695,0.0519425685,2,0.390329013
BaseMagAgs,actor,1,0,0,1.5,0.0017152659,0.0010380623,0,6,NA
BLADP,actor,2,544.2539288034,0.0001648222,177.9548340548,0.0034305317,0.1231521343,0.0010609052,2,0.05
BlqUrbanoPopular,actor,1,0,1.26086035060533E-08,107.2878399378,0.0017152659,0.0742476401,0,2,NA
Brigada68,actor,1,0,8.80584131735052E-05,168.3274531025,0.0017152659,0.1164895869,0,2,NA
CAM,actor,2,0.1111111111,7.09683681599729E-06,147.1805777556,0.0034305317,0.1018550711,2.1658706009273E-07,2,0.3571428571
CAP,actor,6,4591.7719741594,1.71275555849042E-05,170.4044733045,0.0102915952,0.1179269711,0.0089506655,2,0.1627906977
CAPR,actor,1,0,2.97080376454753E-08,119.5998778999,0.0017152659,0.0827680816,0,2,NA
CaravanaAyotzinapa,actor,1,0,3.23892453011483E-07,112.7363109113,0.0017152659,0.0780182082,0,2,NA
CaravanaMadreTierra,actor,1,0,0.000001816,139.4588023088,0.0017152659,0.0965112819,0,2,NA
CaravanaYaquis,actor,1,0,4.22284200654395E-06,118.7265984016,0.0017152659,0.0821637359,0,2,NA
CausaIndígena,actor,1,0,0.000004515,154.4465367965,0.0017152659,0.1068834165,0,2,NA
CBAEMS-Gro,actor,1,0,3.65182096649801E-05,154.2061327561,0.0017152659,0.1067170469,0,2,NA
CCC,actor,10,13374.9290470216,0.0002944057,206.9159451659,0.0171526587,0.1431944257,0.0260715291,2,0.1744186047
CCCD-Pue,actor,1,0,1.28436670727957E-06,140.9254551005,0.0017152659,0.0975262665,0,2,NA
CCTI,actor,1,0,1.2843667072809E-06,140.9254551005,0.0017152659,0.0975262665,0,2,NA
CDD,actor,1,0,0,2.5,0.0017152659,0.0017301038,0,4,NA
CDDH_Fr_JuanLarios,actor,2,1766,1.28956345953512E-06,141.8421217671,0.0034305317,0.0981606379,0.0034424347,2,0
CDHTlachinollan,actor,3,1766.3333333333,8.03732507118915E-05,156.0561327561,0.0051457976,0.1079973237,0.0034430845,2,0.3333333333
CDHVitoria,actor,1,0,0.0002602824,184.8147546898,0.0017152659,0.1278994842,0,2,NA
CDMP,actor,3,789.9753409164,0.0002528806,179.8715007215,0.0051457976,0.1244785472,0.0015398859,2,0.0632911392
CEB,actor,1,0,2.88132649582482E-08,119.6751665002,0.0017152659,0.0828201844,0,2,NA
CECOP,actor,11,836.1983656086,0.00056812,182.1128427128,0.0188679245,0.1260296489,0.0016299877,2,0.7245657568
CEND-SNTE,actor,2,161.8182858252,0.0003616537,185.3901515152,0.0034305317,0.1282976827,0.0003154297,2,0.2386363636
CENEO,actor,4,3,0.0013875971,164.7456709957,0.0068610635,0.114010845,5.8478506225037E-06,2,NA
Centro Prodh,actor,2,277.8622954205,3.87973889572415E-06,145.2263708514,0.0034305317,0.1005026788,0.0005416324,2,0
CETEG,actor,93,70623.9446923215,0.0089887344,275.2853174603,0.1595197256,0.1905088702,0.137666093,2,0.4593689406
CE-UAEH,actor,1,0,0,1.5,0.0017152659,0.0010380623,0,7,NA
CHYNAC,actor,1,0,0.000004515,154.4465367965,0.0017152659,0.1068834165,0,2,NA
CIDHM,actor,3,48.1444436458,0.0001616072,177.4179292929,0.0051457976,0.1227805739,9.38471715813635E-05,2,0.1818181818
CILAS,actor,3,4008.7238164881,0.000023473,169.5270562771,0.0051457976,0.1173197621,0.0078141394,2,0.0105263158
CIOAC,actor,18,2293.299136949,0.000146136,199.861976912,0.0308747856,0.1383127868,0.0044702903,2,0.6284365454
CIPO-RFM,actor,1,0,2.90268313412249E-06,125.1110500611,0.0017152659,0.0865820416,0,2,NA
CiudadanosObs,actor,1,0,0,2.0833333333,0.0017152659,0.0014417532,0,8,NA
CLE,actor,8,14,0,8.5,0.0137221269,0.0058823529,0.00002729,9,NA
CLEM,actor,1,0,0.0002382478,175.231024531,0.0017152659,0.121267145,0,2,NA
ClubRotario,actor,1,0,0,4.3333333333,0.0017152659,0.0029988466,0,3,NA
CMDPDH,actor,1,0,1.28436670727912E-06,140.9254551005,0.0017152659,0.0975262665,0,2,NA
CMPM,actor,4,2067.346575091,0.0105405269,213.375,0.0068610635,0.1476643599,0.0040298447,2,0.6
CMT,actor,1,0,0.000266508,170.681024531,0.0017152659,0.1181183561,0,2,NA
Cmte68,actor,3,284.0590145387,0.0008458449,193.2099206349,0.0051457976,0.1337092876,0.0005537116,2,0.652173913
CmteAgroGto,actor,2,0.1666666667,2.89061205970516E-06,142.6417249417,0.0034305317,0.0987139965,3.24880590139094E-07,2,0.2
CmteAyotzinapa,actor,1,0,0,2.0833333333,0.0017152659,0.0014417532,0,10,NA
CmteCerezo,actor,4,1508.4155142764,8.13955521289014E-06,164.3988816739,0.0068610635,0.1137708524,0.0029403295,2,0.0847457627
CmteSolidaridadAyotz,actor,1,0,0.0002602824,184.8147546898,0.0017152659,0.1278994842,0,2,NA
CNC,actor,7,6436.0448279259,3.88175109250441E-06,156.7705849706,0.0120068611,0.1084917543,0.0125456763,2,0.4038461538
CN-CI,actor,1,0,0.0003492954,173.7876984127,0.0017152659,0.1202683034,0,2,NA
CNCU,actor,1,0,2.57234907167335E-06,151.7457431457,0.0017152659,0.1050143551,0,2,NA
CNE,actor,1,0,3.98620802833112E-05,154.2561327561,0.0017152659,0.106751649,0,2,NA
CNI,actor,1,0,0.0001131106,177.2917388167,0.0017152659,0.1226932449,0,2,NA
CNMLC,actor,1,0,0.0003427054,162.7456709957,0.0017152659,0.1126267619,0,2,NA
CNOC,actor,1,0,3.70418577006317E-07,124.3235902986,0.0017152659,0.0860370867,0,2,NA
CNPA-MLN,actor,52,72483.47238507,0.0009219343,252.584992785,0.089193825,0.174799303,0.1412908397,2,0.2546349942
CNPR,actor,5,3.3333333333,8.11579394124814E-08,115.5098526474,0.0085763293,0.0799376143,6.49761180278189E-06,2,1
CNSUESIC,actor,1,0,0.0001831192,168.881024531,0.0017152659,0.1168726813,0,2,NA
CNTE,actor,20,36398.994281589,0.0006654039,214.3198412698,0.0343053173,0.1483182293,0.0709519605,2,0.111328125
CNTE-10,actor,3,52.4652040906,0.0062269946,195.6079365079,0.0051457976,0.1353688142,0.0001022696,2,1
CNTE-11,actor,2,7016,0.0009043461,170.6107503608,0.0034305317,0.1180697234,0.0136761733,2,0
CNTE-14,actor,27,44002.9567298809,0.0662831419,256.4567460317,0.0463121784,0.177478717,0.0857742393,2,0.4621925994
CNTE-15,actor,1,0,0,1.5,0.0017152659,0.0010380623,0,7,NA
CNTE-18,actor,43,45940.704803424,0.0732003454,271.0035714286,0.0737564322,0.1875457242,0.0895514597,2,0.2865028767
CNTE-19,actor,3,1687.6084584447,0.0092201406,202.2341269841,0.0051457976,0.1399544131,0.0032896274,2,0.0857142857
CNTE-22,actor,50,75391.2633860388,0.0850416508,281.8563492063,0.0857632933,0.195056297,0.1469589488,2,0.3038746191
CNTE-23,actor,5,3937.7906149831,0.0165325926,222.3138888889,0.0085763293,0.1538504421,0.0076758704,2,0.3356481481
CNTE-32,actor,9,2892.972268824,0.0273823533,211.9507936508,0.0154373928,0.1466787499,0.0056392232,2,0.5185185185
CNTE-34,actor,5,7961.6163843736,0.0009525976,200.4071428571,0.0085763293,0.1386900643,0.0155194478,2,0.031496063
CNTE-36,actor,11,9539.4119785136,0.011869234,220.0083333333,0.0188679245,0.152254902,0.0185950188,2,0.330952381
CNTE-40,actor,121,28730.6620236072,0.9497439321,288.801984127,0.2075471698,0.1998629648,0.0560042066,2,0.6954266855
CNTE-7,actor,131,71856.1214717768,1,301.7853174603,0.2246998285,0.2088479706,0.1400679549,2,0.6526768349
CNTE-9,actor,23,8379.6278353174,0.0652616426,245.7912698413,0.0394511149,0.1700977646,0.0163342706,2,0.657856094
COCEI,actor,1,0,0,2.5,0.0017152659,0.0017301038,0,11,NA
COCEM,actor,1,0,0.00026436,182.4520562771,0.0017152659,0.1262643988,0,2,NA
COCYP,actor,2,152.4343756537,6.63358073569748E-06,159.6810606061,0.0034305317,0.1105059243,0.0002971378,2,0.15
CODEHUTAB,actor,1,0,0,2,0.0017152659,0.001384083,0,12,NA
CODUC,actor,15,7233.8484386903,0.000150702,208.5762626263,0.025728988,0.1443434343,0.0141008217,2,0.7286148502
Colectivo1Dic,actor,1,0,3.40841155408735E-06,136.2144660895,0.0017152659,0.0942660665,0,2,NA
ColectivoAzul,actor,1,0,1.39285053730537E-07,134.4353396603,0.0017152659,0.0930348371,0,2,NA
ColectivoLabris,actor,1,0,0.000000002,107.2286699412,0.0017152659,0.074206692,0,2,NA
Colectivo SEP-SC,actor,1,0,0.000000015,96.7327769453,0.0017152659,0.0669430982,0,2,NA
ColectivoSolecito,actor,1,0,0,1.5,0.0017152659,0.0010380623,0,13,NA
ColonosTulpetlac,actor,1,0,5.34600636742526E-05,150.9945526696,0.0017152659,0.1044945001,0,2,NA
CoMaFHiD,actor,2,4,0,3,0.0034305317,0.0020761246,7.79713416333827E-06,10,0
COMDA,actor,2,720.0946259976,8.27579322053185E-07,150.4735930736,0.0034305317,0.1041339744,0.0014036686,2,0
ComunaOax,actor,2,1368.0482195053,0.0003542854,167.4595598846,0.0034305317,0.1158889688,0.0026667139,2,0
CONACOCI,actor,1,0,0.000054598,157.5620851371,0.0017152659,0.1090395053,0,2,NA
CONOC,actor,2,57.9228983616,6.25820204016939E-07,125.7402569653,0.0034305317,0.0870174789,0.0001129082,2,0
CONORP,actor,1,0,6.22131512542599E-07,138.3882395382,0.0017152659,0.095770408,0,2,NA
ConsejoWixarika,actor,1,0,0.000001816,139.4588023088,0.0017152659,0.0965112819,0,2,NA
CONSUCC,actor,2,3.3754263229,8.89881883117253E-06,153.9860611611,0.0034305317,0.1065647482,6.57966297460053E-06,2,0.8
CooperativasTosepan,actor,2,753.8134763181,9.25733634422256E-05,184.2373737374,0.0034305317,0.1274999126,0.0014693962,2,0.0625
CoordUnivApoyoAyotz,actor,1,0,3.6223285735028E-05,153.7394660895,0.0017152659,0.1063940942,0,2,NA
COR,actor,1,0,0.00026436,182.4520562771,0.0017152659,0.1262643988,0,2,NA
CORSOPAL-Mex,actor,1,0,9.26602920841903E-08,116.2661338661,0.0017152659,0.0804609923,0,2,NA
CP,actor,1,0,0.0004521587,180.9238095238,0.0017152659,0.1252067886,0,2,NA
CPSCDF,actor,3,2195.3356775497,3.12879920971501E-06,144.7171717172,0.0051457976,0.1001502918,0.0042793317,2,0
CROC,actor,2,18,0,5.5,0.0034305317,0.0038062284,3.50871037350222E-05,3,0
CROM,actor,4,127.2115824552,0.0009544882,190.8651515152,0.0068610635,0.13208661,0.0002479714,2,0.4289473684
CSDH_MnsrRomero,actor,1,0,0.000001535,135.2467532468,0.0017152659,0.093596369,0,2,NA
CSIM,actor,1,0,0.0003186178,159.8191558442,0.0017152659,0.1106014919,0,2,NA
CT,actor,1,0,0.00026436,182.4520562771,0.0017152659,0.1262643988,0,2,NA
CTC,actor,1,0,0,3.5833333333,0.0017152659,0.0024798155,0,3,NA
CTM,actor,1,0,0,3.5833333333,0.0017152659,0.0024798155,0,3,NA
CUL,actor,4,3525.5,0.0003971325,179.3115079365,0.0068610635,0.124091009,0.0068721991,2,0
CUTM,actor,1,0,0.0005979217,177.8821428571,0.0017152659,0.123101829,0,2,NA
DDESER,actor,1,0,0,2.5,0.0017152659,0.0017301038,0,4,NA
DiálogoParlamOax,actor,1,0,2.90268313412177E-06,125.1110500611,0.0017152659,0.0865820416,0,2,NA
D-III-198-INBAL,actor,1,0,0.000000015,96.7327769453,0.0017152659,0.0669430982,0,2,NA
D-III-20_Bibl,actor,1,0,0.000000015,96.7327769453,0.0017152659,0.0669430982,0,2,NA
D-III-239-CENART,actor,1,0,0.000000015,96.7327769453,0.0017152659,0.0669430982,0,2,NA
D-III-24_INAH,actor,1,0,0.000000015,96.7327769453,0.0017152659,0.0669430982,0,2,NA
Diócesis_SnCristóbal,actor,5,5,0,5.5,0.0085763293,0.0038062284,9.74641770417283E-06,14,NA
DMBMT,actor,1,0,4.27262098918541E-05,141.3439393939,0.0017152659,0.097815875,0,2,NA
EDUCA,actor,1,0,2.90268313412412E-06,125.1110500611,0.0017152659,0.0865820416,0,2,NA
ElCampoEsDeTodos,actor,3,52.7478316235,0.000013779,165.7675685426,0.0051457976,0.1147180405,0.0001028205,2,0.367816092
EPC,actor,2,2334.6436942042,6.91154906775969E-07,144.4771645022,0.0034305317,0.0999841969,0.0045508825,2,0
EslabonesPorLaPaz,actor,1,0,3.80885344997928E-06,154.0967754468,0.0017152659,0.1066413671,0,2,NA
EvoluciónMexicana,actor,1,0,0,2,0.0017152659,0.001384083,0,15,NA
FAC,actor,17,1575.0972366608,0.0001357383,195.2631673882,0.0291595197,0.1351302196,0.0030703111,2,0.8119266055
FACMEO,actor,2,0.5,0.0006881841,163.4123376623,0.0034305317,0.1130881229,9.74641770417283E-07,2,NA
FALP,actor,1,0,0.0003513827,166.0428932179,0.0017152659,0.1149085766,0,2,NA
FAM,actor,1,0,0,3.1666666667,0.0017152659,0.0021914648,0,16,NA
FAO-MSX,actor,1,0,1.39285053731306E-07,134.4353396603,0.0017152659,0.0930348371,0,2,NA
FASU,actor,5,2602.4649773165,0.0101298779,224.875,0.0085763293,0.1556228374,0.0050729421,2,0.4228723404
FAT,actor,2,2207.5157151101,7.99296164616955E-05,174.2076118326,0.0034305317,0.1205589009,0.004303074,2,0.05
FCSxM,actor,8,22.0616335419,0.0025394844,164.9858225108,0.0137221269,0.1141770398,4.3004379147143E-05,2,0.821656051
FDAN,actor,1,0,1.29408705991279E-05,139.0624458874,0.0017152659,0.0962369868,0,2,NA
FDC,actor,20,1155.0102833332,2.26701566894313E-05,174.8175685426,0.0343053173,0.1209810163,0.0022514425,2,0.7328571429
FDEASER,actor,1,0,0.0001628405,175.631024531,0.0017152659,0.1215439616,0,2,NA
FDL,actor,1,0,3.30677385134128E-08,117.631010656,0.0017152659,0.0814055437,0,2,NA
FDOMEZ-FNLS,actor,1,0,2.43394009160199E-08,112.8458846709,0.0017152659,0.0780940378,0,2,NA
FDPAS,actor,1,0,6.93008178073022E-08,119.4133449883,0.0017152659,0.0826389931,0,2,NA
FECSM,actor,23,2637.6870088544,0.0009029594,189.3806998557,0.0394511149,0.1310593079,0.0051415999,2,0.769874477
FeministasCom,actor,1,0,0.000000002,107.2286699412,0.0017152659,0.074206692,0,2,NA
FENR-Cd.Juarez,actor,1,0,1.91154377848187E-05,129.0073953824,0.0017152659,0.0892784743,0,2,NA
FICAM,actor,15,6032.3759527214,9.81208798470613E-05,203.2572150072,0.025728988,0.1406624325,0.0117588112,2,0.3725656224
FIOAC,actor,4,307.1963677626,7.16933968142384E-05,180.2000721501,0.0068610635,0.1247059323,0.0005988128,2,0.6726457399
FNF,actor,1,0,0,1.5,0.0017152659,0.0010380623,0,17,NA
FNLS,actor,3,2646.5,3.33386123802194E-08,119.5643439893,0.0051457976,0.0827434907,0.0051587789,2,0
FO,actor,1,0,3.40841155408788E-06,136.2144660895,0.0017152659,0.0942660665,0,2,NA
FOCTEO,actor,1,0,0.0003499135,163.7623376623,0.0017152659,0.1133303375,0,2,NA
FODEG,actor,2,1.180107351,0.0001169169,159.3211760462,0.0034305317,0.1102568692,2.30036383578285E-06,2,1
FPDT,actor,7,8337.3540956145,0.0004470135,208.4091269841,0.0120068611,0.1442277695,0.0162518671,2,0.1632653061
FPDTA-MPT,actor,1,0,4.71691567509946E-05,151.0446969697,0.0017152659,0.1045292021,0,2,NA
FPFV,actor,10,12998.407040393,0.000147125,208.423015873,0.0171526587,0.1442373812,0.0253375809,2,0.1454545455
FPFVI,actor,3,3293.2908946934,6.87965786401699E-06,164.3762626263,0.0051457976,0.113755199,0.0064195577,2,0
FPLZ,actor,6,3932.7580992881,0.0001046795,190.3261904762,0.0102915952,0.1317136266,0.0076660606,2,0.1568627451
FPR,actor,6,1414.3542032286,0.0014387525,185.9968253968,0.0102915952,0.1287175262,0.0027569774,2,0.1237113402
FP RO,actor,2,553.4334706002,4.6262296675977E-07,139.0266095016,0.0034305317,0.0962121865,0.0010787988,2,0
Frayba,actor,1,0,1.28436670727991E-06,140.9254551005,0.0017152659,0.0975262665,0,2,NA
FSM,actor,5,1806.0133065418,0.0020100224,213.0682539683,0.0085763293,0.1474520789,0.003520432,2,0.2838944495
FSPLI,actor,1,0,0,1.5,0.0017152659,0.0010380623,0,18,NA
FSSP,actor,1,0,4.23550091477611E-07,130.8474386724,0.0017152659,0.0905518607,0,2,NA
FteCívicoTeotihuacán,actor,1,0,4.32914929114905E-07,130.5960539461,0.0017152659,0.090377892,0,2,NA
FteContraGpoMex,actor,1,0,0,1.5,0.0017152659,0.0010380623,0,19,NA
FUERSA,actor,1,0,7.82246841415628E-05,173.1461760462,0.0017152659,0.1198243433,0,2,NA
FUL-APPO,actor,4,207.9071062492,0.0010480114,165.7623376623,0.0068610635,0.1147144205,0.0004052699,2,1
Fundar,actor,2,1522.8999611818,7.00174646072774E-06,162.8626484626,0.0034305317,0.1127077152,0.0029685638,2,0
FUNDEM,actor,1,0,5.19675225590222E-09,105.9819999445,0.0017152659,0.0733439446,0,2,NA
FUNPEG,actor,19,1044.0295084145,0.0009110018,186.3128427128,0.0325900515,0.1289362233,0.0020351095,2,0.9090909091
FUSION,actor,1,0,0.0003485034,163.5123376623,0.0017152659,0.1131573271,0,2,NA
GEA,actor,1,0,2.55401627011215E-07,118.024023199,0.0017152659,0.0816775247,0,2,NA
GPM,actor,1,0,2.55401627010345E-07,118.024023199,0.0017152659,0.0816775247,0,2,NA
¡HastaEncontrarlos!,actor,6,7664.4155142764,8.20569177711491E-06,166.5822150072,0.0102915952,0.1152818097,0.014940119,2,0.0636942675
HelechoVerde,actor,1,0,0.000000002,107.2286699412,0.0017152659,0.074206692,0,2,NA
HIJOS-Mex,actor,1,0,1.16692519472834E-06,126.0183122433,0.0017152659,0.0872099047,0,2,NA
IPLP,actor,1,0,6.0014757369038E-07,138.6382395382,0.0017152659,0.0959434184,0,2,NA
IVC,actor,1,0,6.862461406999E-06,158.4912198912,0.0017152659,0.1096825051,0,2,NA
JudíosPalestina,actor,1,0,2.29008019441323E-05,159.5477633478,0.0017152659,0.1104136771,0,2,NA
LasAbejas,actor,1,0,0,1.5,0.0017152659,0.0010380623,0,20,NA
LIMEDDH,actor,1,0,0.0003492954,173.7876984127,0.0017152659,0.1202683034,0,2,NA
LunasLesbianas,actor,1,0,0.000000002,107.2286699412,0.0017152659,0.074206692,0,2,NA
LUS,actor,1,0,2.70383368994193E-06,139.7462121212,0.0017152659,0.0967101814,0,2,NA
MAES,actor,2,323.0690032456,0.0003472009,165.875,0.0034305317,0.1147923875,0.0006297531,2,0
MAIZ,actor,17,5438.662778784,6.22407686647211E-05,170.5155844156,0.0291595197,0.1180038646,0.0106014958,2,0.437751004
MAO-LN,actor,1,0,0,1.5,0.0017152659,0.0010380623,0,21,NA
MAR,actor,3,1.5,4.84016756071069E-06,127.3061327561,0.0051457976,0.0881011299,2.92392531125185E-06,2,NA
MAS,actor,1,0,8.80584131735056E-05,168.3274531025,0.0017152659,0.1164895869,0,2,NA
MBMH,actor,2,1766,6.03977262870961E-06,152.8810606061,0.0034305317,0.1058000419,0.0034424347,2,0
MBMT,actor,2,495.7091820473,4.54287170238489E-05,160.9803030303,0.0034305317,0.111405054,0.0009662777,2,0
MC_Justicia5Jun,actor,1,0,3.40841155408781E-06,136.2144660895,0.0017152659,0.0942660665,0,2,NA
MDM-Edomex,actor,1,0,5.3460063674252E-05,150.9945526696,0.0017152659,0.1044945001,0,2,NA
MDM-Zac,actor,1,0,4.2606724944706E-06,140.4242424242,0.0017152659,0.0971794065,0,2,NA
MENA,actor,3,1010.6139559388,0.0003841655,176.4845238095,0.0051457976,0.1221346186,0.0019699732,2,0
METAB,actor,1,0,0,2,0.0017152659,0.001384083,0,12,NA
MIOCUP-CNPA-MN,actor,3,1678.2472700204,0.000074046,179.4436507937,0.0051457976,0.1241824573,0.0032713798,2,0.0526315789
M_LosSinTecho,actor,1,0,0,1.5,0.0017152659,0.0010380623,0,22,NA
MMB,actor,3,398.5217112205,0.0003641786,178.8158730159,0.0051457976,0.123748009,0.0007768318,2,0.2222222222
MMCRE,actor,2,348.1918382553,7.29575450942771E-05,162.0262626263,0.0034305317,0.1121289015,0.0006787246,2,0
MMM,actor,8,14,0,8.5,0.0137221269,0.0058823529,0.00002729,9,NA
MMPV,actor,2,22.6725669905,0.000517767,161.337012987,0.0034305317,0.1116519121,4.4195261662966E-05,2,1
MMSC,actor,1,0,6.00147573688854E-07,138.6382395382,0.0017152659,0.0959434184,0,2,NA
MMSP,actor,2,1766,2.29934622362181E-05,160.4644300144,0.0034305317,0.1110480485,0.0034424347,2,0
MMT,actor,1,0,2.8645513721225E-06,139.4374819625,0.0017152659,0.0964965273,0,2,NA
MOCRI-CNPA-MN,actor,1,0,0,1.5,0.0017152659,0.0010380623,0,21,NA
MODEVITE,actor,5,5,0,5.5,0.0085763293,0.0038062284,9.74641770417283E-06,14,NA
MORENA,actor,1,0,8.80584131735052E-05,168.3274531025,0.0017152659,0.1164895869,0,2,NA
MORESI,actor,1,0,4.78312783536619E-05,142.5923881674,0.0017152659,0.0986798534,0,2,NA
MovContraEspSilver,actor,1,0,1.39285053729647E-07,134.4353396603,0.0017152659,0.0930348371,0,2,NA
MovidasxEncontrarlas,actor,1,0,7.26074326053865E-11,92.8298673549,0.0017152659,0.0642421227,0,2,NA
MovLosDeAbajo-Pue,actor,2,219.1078355431,0.0001556078,172.2571428571,0.0034305317,0.1192090954,0.0004271033,2,0.1111111111
MovMexDespierta,actor,1,0,0,2,0.0017152659,0.001384083,0,12,NA
MovMujeresIzq,actor,1,0,0.0001211643,176.4782467532,0.0017152659,0.1221302746,0,2,NA
MovPuebMorelos,actor,1,0,1.39285053728941E-07,134.4353396603,0.0017152659,0.0930348371,0,2,NA
MPG,actor,35,8768.9800682604,0.0024376201,221.4051587302,0.0600343053,0.1532215631,0.0170932285,2,0.6130462318
MPJD,actor,2,3398.5133164752,0.0002817948,166.9052308802,0.0034305317,0.1155053501,0.0066246661,2,0
MRM_Renovación,actor,1,0,0,2.0833333333,0.0017152659,0.0014417532,0,8,NA
MRM_Resistencia,actor,1,0,1.1213421787411E-08,105.9679487179,0.0017152659,0.0733342206,0,2,NA
MSC,actor,1,0,0,1.5,0.0017152659,0.0010380623,0,23,NA
MST,actor,6,42.010075886,2.35865966395232E-05,165.7544733045,0.0102915952,0.1147089781,8.18895494738333E-05,2,1
MujeresEnAcción,actor,1,0,0,4.3333333333,0.0017152659,0.0029988466,0,3,NA
MujeresParaElDiálogo,actor,1,0,6.0014757368938E-07,138.6382395382,0.0017152659,0.0959434184,0,2,NA
MULT,actor,5,7635.5461008359,0.0003602042,177.6797979798,0.0085763293,0.1229617979,0.0148838443,2,0.0531914894
MUP,actor,2,78.3134846025,0.000719086,188.373015873,0.0034305317,0.1303619487,0.0001526552,2,0.3018867925
NCT,actor,2,95.013048401,0.0006533334,183.680952381,0.0034305317,0.1271148459,0.0001852074,2,0.2857142857
NHRC,actor,2,7734.1737496607,4.53214978993285E-07,135.7091491841,0.0034305317,0.0939163662,0.0150760976,2,0
NPZ,actor,1,0,0.0003188004,174.2334054834,0.0017152659,0.1205767512,0,2,NA
OAN,actor,6,91.6939960441,1.03553740428374E-05,163.7211399711,0.0102915952,0.113301827,0.0001787376,2,0.84
OCEZ-CP,actor,2,0.5,2.69786662584172E-10,93.6261696637,0.0034305317,0.064793197,9.74641770417283E-07,2,NA
OCEZ-DI,actor,1,0,0,1.5,0.0017152659,0.0010380623,0,24,NA
OCNF,actor,3,4606.5534497958,1.78721719401223E-08,119.9484099234,0.0051457976,0.0830092802,0.0089794788,2,0
OCPIHV,actor,1,0,0.000004834,153.9253468753,0.0017152659,0.1065227314,0,2,NA
OE,actor,1,0,6.00147573689935E-07,138.6382395382,0.0017152659,0.0959434184,0,2,NA
OFPC,actor,1,0,2.70383368994234E-06,139.7462121212,0.0017152659,0.0967101814,0,2,NA
OIIA,actor,1,0,2.88132649578973E-08,119.6751665002,0.0017152659,0.0828201844,0,2,NA
OIT,actor,1,0,2.88132649586759E-08,119.6751665002,0.0017152659,0.0828201844,0,2,NA
ONPP,actor,1,0,0,1.5,0.0017152659,0.0010380623,0,24,NA
OPIZ,actor,1,0,0.0003499135,163.7623376623,0.0017152659,0.1133303375,0,2,NA
OPT,actor,1,0,0.0001628405,175.631024531,0.0017152659,0.1215439616,0,2,NA
Pan&Rosas,actor,1,0,4.5126145986077E-07,131.6043872794,0.0017152659,0.0910757005,0,2,NA
PcdeM,actor,1,0,3.04457768428915E-05,159.8770562771,0.0017152659,0.1106415614,0,2,NA
PPS,actor,1,0,2.97080376452957E-08,119.5998778999,0.0017152659,0.0827680816,0,2,NA
PRODESC,actor,1,0,4.65929990376718E-06,136.7366883117,0.0017152659,0.094627466,0,2,NA
ProductoresUnidos,actor,3,0.75,1.37517938282146E-05,157.533044733,0.0051457976,0.1090194081,0.000001462,2,1
ProSL_Ecológico,actor,2,641.9605520876,2.84311874367162E-06,150.4255050505,0.0034305317,0.1041006955,0.0012513631,2,0
PUDEE,actor,1,0,0,1.5,0.0017152659,0.0010380623,0,20,NA
REDDH,actor,1,0,0.000001535,135.2467532468,0.0017152659,0.093596369,0,2,NA
RedesUniv,actor,1,0,0,1.5,0.0017152659,0.0010380623,0,18,NA
RedGrovida,actor,1,0,0,1.5,0.0017152659,0.0010380623,0,17,NA
REDIM,actor,2,769.8004390639,1.87066838252947E-08,120.8681790432,0.0034305317,0.0836457986,0.0015005593,2,0
RedMadrHijosDesap,actor,1,0,0,1.5,0.0017152659,0.0010380623,0,13,NA
RedMesaMujCdJua,actor,1,0,0,2.0833333333,0.0017152659,0.0014417532,0,10,NA
Rednes,actor,1,0,0.000000002,107.2286699412,0.0017152659,0.074206692,0,2,NA
RED_OSC,actor,1,0,6.17317724162933E-06,156.3074897325,0.0017152659,0.1081712732,0,2,NA
RedSaludAlimentaria,actor,1,0,2.86063845189925E-09,110.1754884005,0.0017152659,0.0762460127,0,2,NA
Red_TDT,actor,1,0,1.58460453736971E-08,113.0362748363,0.0017152659,0.0782257957,0,2,NA
REMA,actor,1,0,2.88132649564848E-08,119.6751665002,0.0017152659,0.0828201844,0,2,NA
ResISSSTE,actor,3,1388.7510293099,0.000043198,154.5505411255,0.0051457976,0.1069553918,0.0027070695,2,0.3333333333
Resissstencia,actor,1,0,2.70390786180863E-06,139.7224025974,0.0017152659,0.0966937042,0,2,NA
ResistenciaCivilEE,actor,2,35.1038085952,4.86628395274758E-05,167.4893578644,0.0034305317,0.1159095902,6.8427276315295E-05,2,0.3333333333
RITA,actor,1,0,0.000004515,154.4465367965,0.0017152659,0.1068834165,0,2,NA
RL,actor,1,0,0,2.5,0.0017152659,0.0017301038,0,4,NA
RNG,actor,1,0,3.62232857350289E-05,153.7394660895,0.0017152659,0.1063940942,0,2,NA
RosasRojas,actor,1,0,0.000000002,107.2286699412,0.0017152659,0.074206692,0,2,NA
RRAA,actor,1,0,3.04109637638992E-06,139.5016594517,0.0017152659,0.0965409408,0,2,NA
SAINAH,actor,1,0,4.32914929115031E-07,130.5960539461,0.0017152659,0.090377892,0,2,NA
SDITSTC,actor,2,59.8761186208,0.001198358,197.1257936508,0.0034305317,0.1364192344,0.0001167155,2,0.4074074074
SEDEPAC-Cuetzalan,actor,1,0,0.000004515,154.4465367965,0.0017152659,0.1068834165,0,2,NA
SEHI,actor,1,0,0,1.5,0.0017152659,0.0010380623,0,22,NA
SEI,actor,1,0,0.0003611347,176.586976912,0.0017152659,0.1222055204,0,2,NA
SemillasDeVida,actor,1,0,2.55401627010346E-07,118.024023199,0.0017152659,0.0816775247,0,2,NA
SERAPAZ,actor,1,0,2.71281370099901E-06,140.3843073593,0.0017152659,0.0971517698,0,2,NA
SETE_BC,actor,3,2.3333333333,5.65248905842259E-08,107.6846153846,0.0051457976,0.0745222252,4.54832826194732E-06,2,1
SHCBDF,actor,1,0,0.00026436,182.4520562771,0.0017152659,0.1262643988,0,2,NA
Sind_7_de_Mayo,actor,2,1,3.49288715886789E-07,107.7291652792,0.0034305317,0.0745530556,1.94928354083457E-06,2,0
SindHeliodoroCC,actor,1,0,0,2.5,0.0017152659,0.0017301038,0,11,NA
SindHnosFM,actor,1,0,0,2.5,0.0017152659,0.0017301038,0,11,NA
Sind_Martires1910,actor,1,0,0.000000175,107.0624986125,0.0017152659,0.0740916945,0,2,NA
SinMaízNoHayPaís,actor,1,0,3.39462057808048E-06,135.9644660895,0.0017152659,0.0940930561,0,2,NA
SITACH,actor,1,0,2.94923929948694E-07,112.622025197,0.0017152659,0.0779391178,0,2,NA
SITAUAEM,actor,1,0,0,1.5,0.0017152659,0.0010380623,0,25,NA
SITBUAP,actor,1,0,1.98167582512631E-06,134.4477633478,0.0017152659,0.0930434348,0,2,NA
SITCBEM,actor,3,1.8484848485,0.0009853414,161.6524891775,0.0051457976,0.1118702347,3.60322109063359E-06,2,0.6666666667
SITEM,actor,2,5274,3.46568337880359E-06,128.6563131313,0.0034305317,0.0890355108,0.0102805214,2,0
SITEQROO,actor,1,0,3.45166020897014E-06,127.1396464646,0.0017152659,0.0879859145,0,2,NA
SITET,actor,3,2646.5,1.41375755860219E-08,101.1134587635,0.0051457976,0.0699747119,0.0051587789,2,0
SITIAVW,actor,1,0,0.0001628405,175.631024531,0.0017152659,0.1215439616,0,2,NA
SITIMTA,actor,1,0,5.54117323669605E-05,160.1028499279,0.0017152659,0.11079782,0,2,NA
SITUAM,actor,2,131.8460242549,0.0001314301,178.4270562771,0.0034305317,0.1234789317,0.0002570053,2,0.1555555556
SME,actor,32,55582.9545599231,0.0055905192,261.4873015873,0.0548885077,0.1809600703,0.1083469385,2,0.2025857681
SMSEM,actor,6,1002.5475475589,0.0054036059,195.3893217893,0.0102915952,0.1352175237,0.0019542494,2,0.6
SNTCPFISC,actor,1,0,0.0001065333,171.213961039,0.0017152659,0.1184871703,0,2,NA
SNTE,actor,1,0,0.000000014,99.5301254301,0.0017152659,0.0688789795,0,2,NA
SNTE-1,actor,1,0,0,1.5,0.0017152659,0.0010380623,0,6,NA
SNTE-10,actor,2,5274,3.6594316956375E-06,123.7083083583,0.0034305317,0.0856112861,0.0102805214,2,0
SNTE-13,actor,4,2729.7831565282,0.0065338086,211.426984127,0.0068610635,0.146316252,0.0053211214,2,0.4512195122
SNTE-15,actor,2,2519.3969275004,0.0013455682,199.5404761905,0.0034305317,0.1380902949,0.004911019,2,0
SNTE-16,actor,2,150.1182495725,0.0059909873,201.8174603175,0.0034305317,0.1396660625,0.000292623,2,0.4038461538
SNTE-17,actor,3,6.9167794258,0.0002108142,146.4306637807,0.0051457976,0.1013360995,1.34827642902568E-05,2,0.6
SNTE-2,actor,5,3434.0333333333,2.78258771611349E-06,142.8890692641,0.0085763293,0.098885169,0.0066939047,2,0.25
SNTE-20,actor,2,4,0,3,0.0034305317,0.0020761246,7.79713416333827E-06,26,0
SNTE-21,actor,6,4820.3476481823,0.0008701507,190.2365079365,0.0102915952,0.1316515626,0.0093962243,2,0
SNTE-24,actor,2,1549.05105567,0.000853638,186.8218253968,0.0034305317,0.1292884605,0.0030195397,2,0
SNTE-25,actor,2,7884,0.0008530567,180.6623015873,0.0034305317,0.1250258142,0.0153681514,2,0
SNTE-27,actor,4,3,1.08571796710724E-05,140.3890692641,0.0068610635,0.0971550652,5.8478506225037E-06,2,NA
SNTE-28,actor,2,0.5,0,2.5,0.0034305317,0.0017301038,9.74641770417283E-07,27,NA
SNTE-29,actor,2,0.5,1.1440575594702E-10,82.1716935842,0.0034305317,0.0568662239,9.74641770417283E-07,2,NA
SNTE-3,actor,1,0,0,1.5,0.0017152659,0.0010380623,0,23,NA
SNTE-31,actor,4,7554.3893664583,0.0105593462,214.2138888889,0.0068610635,0.1482449058,0.0147256469,2,0.3302752294
SNTE-33,actor,3,882.5,0.0003497527,164.5956709957,0.0051457976,0.1139070388,0.0017202427,2,0
SNTE-35,actor,3,8.3333333333,0,4.5,0.0051457976,0.0031141869,0.000016244,28,0
SNTE-37,actor,5,2724.6333333333,2.78277031470886E-06,142.6390692641,0.0085763293,0.0987121587,0.0053110829,2,0.3636363636
SNTE-38,actor,2,0.3333333333,0,3.5833333333,0.0034305317,0.0024798155,6.49761180278189E-07,28,0
SNTE-4,actor,1,0,0.0053294761,192.9246031746,0.0017152659,0.1335118361,0,2,NA
SNTE-42,actor,14,12528.1708350162,0.0047434568,193.0416666667,0.0240137221,0.1335928489,0.0244209572,2,0.2469135802
SNTE-44,actor,1,0,0,2.6666666667,0.0017152659,0.0018454441,0,28,NA
SNTE-45,actor,2,0.5,5.28736606951867E-05,139.9433621934,0.0034305317,0.0968466174,9.74641770417283E-07,2,NA
SNTE-49,actor,1,0,0,2.0833333333,0.0017152659,0.0014417532,0,26,NA
SNTE-5,actor,2,0.3333333333,0,3.5833333333,0.0034305317,0.0024798155,6.49761180278189E-07,28,0
SNTE-50,actor,5,386.9787038358,2.05455624320976E-05,149.2917388167,0.0085763293,0.1033160822,0.0007543312,2,0
SNTE-54,actor,2,0.5,0,2.5,0.0034305317,0.0017301038,9.74641770417283E-07,27,NA
SNTE-55,actor,3,3525,4.30754986077422E-05,143.1772727273,0.0051457976,0.0990846178,0.0068712245,2,0
SNTE-56,actor,1,0,0.0053294761,192.9246031746,0.0017152659,0.1335118361,0,2,NA
SNTE-57,actor,3,882.5,0.0003497527,164.5956709957,0.0051457976,0.1139070388,0.0017202427,2,0
SNTE-58,actor,1,0,9.06547339825575E-05,175.9388888889,0.0017152659,0.1217570165,0,2,NA
SNTE-6,actor,1,0,0.0002949867,159.0691558442,0.0017152659,0.1100824608,0,2,NA
SNTE-8,actor,12,343.5901787352,0.0002403895,140.9762265512,0.0205831904,0.0975614025,0.0006697547,2,0.9090909091
SNTI,actor,1,0,0.00026436,182.4520562771,0.0017152659,0.1262643988,0,2,NA
SNTINBAL,actor,2,64.9958378725,0.0005194804,189.2818181818,0.0034305317,0.1309908776,0.0001266953,2,0.3432835821
SNTISSSTE,actor,1,0,3.69646136952997E-05,151.6981601732,0.0017152659,0.1049814257,0,2,NA
SNTMMSSRM,actor,5,2402.316303544,0.0011561958,203.5257936508,0.0085763293,0.1408483001,0.0046827956,2,0.2972972973
SNTMMSSRM-150,actor,1,0,0,1.5,0.0017152659,0.0010380623,0,29,NA
SNTMMSSRM-234,actor,1,0,0,1.5,0.0017152659,0.0010380623,0,29,NA
SNTMMSSRM-65,actor,1,0,0,1.5,0.0017152659,0.0010380623,0,19,NA
SNTSA,actor,2,1023.8106258267,0.0079796261,195.0215007215,0.0034305317,0.1349629763,0.0019956972,2,0.1666666667
SNTSLATSSC_Indep,actor,1,0,1.29408705991275E-05,139.0624458874,0.0017152659,0.0962369868,0,2,NA
SNTSS,actor,2,240.1672857306,0.0001434979,178.6341991342,0.0034305317,0.1236222831,0.0004681541,2,0.1388888889
SNTSS-29,actor,1,0,3.83882924795296E-06,135.2421717172,0.0017152659,0.0935931984,0,2,NA
SNTSTC,actor,1,0,0.00026436,182.4520562771,0.0017152659,0.1262643988,0,2,NA
SNTTTASS,actor,4,1838.6333899902,0.0003704904,189.9679292929,0.0068610635,0.131465695,0.0035840178,2,0.3950617284
SolidaridadxFam,actor,1,0,7.26074307029173E-11,92.8298673549,0.0017152659,0.0642421227,0,2,NA
SPAUAZ,actor,2,609.0452075238,0.000094893,177.1055555556,0.0034305317,0.1225643983,0.0011872018,2,0.0714285714
SPUM,actor,1,0,0.0003186178,159.8191558442,0.0017152659,0.1106014919,0,2,NA
Stacobach,actor,1,0,0.000266508,170.681024531,0.0017152659,0.1181183561,0,2,NA
STAENEQ,actor,1,0,4.03292849039517E-06,145.9853535354,0.0017152659,0.1010279263,0,2,NA
STASPE,actor,8,25.7424242424,0.0025783926,165.4858225108,0.0137221269,0.1145230606,5.01792838769383E-05,2,0.6968503937
STAUAEM,actor,1,0,0,1.5,0.0017152659,0.0010380623,0,25,NA
STAUAG,actor,3,596.3135831063,6.03092513476371E-05,159.2806998557,0.0051457976,0.110228858,0.0011623843,2,0.2857142857
STAUS,actor,1,0,0,1.5,0.0017152659,0.0010380623,0,30,NA
STEUS,actor,1,0,0,1.5,0.0017152659,0.0010380623,0,30,NA
STINCA,actor,1,0,6.22131512543327E-07,138.3882395382,0.0017152659,0.095770408,0,2,NA
STRM,actor,19,57484.0353843903,0.0211743368,276.6638888889,0.0325900515,0.1914628989,0.112052684,2,0.2152777778
STTAISUAG,actor,2,342.7287729651,4.64768709659502E-05,156.7013708514,0.0034305317,0.1084438553,0.0006680756,2,0.5
STUACH,actor,3,1256.7720402302,0.0004063435,198.0393578644,0.0051457976,0.1370514587,0.0024498051,2,0.1901408451
STUAdeG,actor,1,0,2.48967849504446E-05,162.0838023088,0.0017152659,0.1121687213,0,2,NA
STUAZ,actor,1,0,4.23831414890364E-06,135.7421717172,0.0017152659,0.0939392192,0,2,NA
STUHM,actor,1,0,0,1.5,0.0017152659,0.0010380623,0,31,NA
STUIA,actor,1,0,2.48967849504439E-05,162.0838023088,0.0017152659,0.1121687213,0,2,NA
STUNAM,actor,17,19044.0376677436,0.0185010706,251.1781746032,0.0291595197,0.1738257264,0.0371222292,2,0.3628284389
SUEUM,actor,9,354.8483411345,0.0029670071,183.8948412698,0.0154373928,0.1272628659,0.0006917,2,0.6606498195
SUSPEG,actor,30,5115.2497890973,0.0033529202,208.4064213564,0.051457976,0.1442258971,0.0099710722,2,0.7122683142
SUSPEG-14,actor,3,1767,7.31847708777347E-05,155.7894660895,0.0051457976,0.1078127793,0.003444384,2,0
SUSPEG-15,actor,1,0,3.63698509184113E-05,153.9894660895,0.0017152659,0.1065671046,0,2,NA
SUSPEG-18,actor,1,0,3.63698509184112E-05,153.9894660895,0.0017152659,0.1065671046,0,2,NA
SUTCECyTEM,actor,1,0,0.0003195818,159.8191558442,0.0017152659,0.1106014919,0,2,NA
SUTCOBACH-Gro,actor,7,2891.0892095818,0.0015539081,215.5222222222,0.0120068611,0.1491503268,0.0056355526,2,0.3039647577
SUTCONALEP,actor,1,0,0.00093185,195.7091269841,0.0017152659,0.1354388422,0,2,NA
SUTIEMS,actor,3,235.1925445994,0.0001966752,184.0425324675,0.0051457976,0.1273650744,0.000458457,2,0.3387096774
SUTIN,actor,3,312.5547735731,0.0012361334,203.2384920635,0.0051457976,0.1406494755,0.0006092579,2,0.3698630137
SUTIZEA,actor,1,0,4.23831414890408E-06,135.7421717172,0.0017152659,0.0939392192,0,2,NA
SUTPEEPEMOR,actor,1,0,0,3.1666666667,0.0017152659,0.0021914648,0,16,NA
SUTSEM,actor,1,0,0,2.0833333333,0.0017152659,0.0014417532,0,26,NA
SUTSPJ,actor,3,3.5,0,4.5,0.0051457976,0.0031141869,6.82249239292098E-06,16,0
SUTSPLEM,actor,3,3.5,0,4.5,0.0051457976,0.0031141869,6.82249239292098E-06,16,0
SUTUC,actor,1,0,2.48967849504451E-05,162.0838023088,0.0017152659,0.1121687213,0,2,NA
Tetela,actor,2,2397.6357003403,4.54376353367356E-06,156.5798701299,0.0034305317,0.1083597717,0.0046736718,2,0
TierraLesbik,actor,1,0,0.000000002,107.2286699412,0.0017152659,0.074206692,0,2,NA
TrabDesechosSolRFM,actor,1,0,0.0002118724,169.381024531,0.0017152659,0.1172187021,0,2,NA
TRADOC,actor,1,0,0,1.5,0.0017152659,0.0010380623,0,31,NA
UACOL,actor,2,68.5523687497,0.0003541539,164.429004329,0.0034305317,0.1137916985,0.000133628,2,1
UARS,actor,1,0,8.4664435184181E-08,120.380011655,0.0017152659,0.0833079665,0,2,NA
UCD,actor,22,1691.3732083759,3.7110939147E-05,176.6199494949,0.0377358491,0.1222283388,0.003296966,2,0.6241234222
UCEN,actor,1,0,6.01144922315611E-06,158.5143939394,0.0017152659,0.1096985425,0,2,NA
UCEZ,actor,1,0,0,1.5,0.0017152659,0.0010380623,0,5,NA
UCIZONI,actor,5,2401.7900821504,0.0010478896,166.3956709957,0.0085763293,0.1151527135,0.0046817699,2,0.2
UFCW,actor,1,0,7.94967015325814E-05,170.6437229437,0.0017152659,0.1180925418,0,2,NA
UFIC,actor,5,477.5059949587,1.37333814026404E-05,168.2342352092,0.0085763293,0.1164250763,0.0009307946,2,0.180952381
UGOCM-JL,actor,2,0.1111111111,7.09683681599619E-06,147.1805777556,0.0034305317,0.1018550711,2.1658706009273E-07,2,0.3571428571
UGOCP,actor,3,13.9046955403,0.000015072,158.6574897325,0.0051457976,0.1097975707,2.71041941569476E-05,2,0.4193548387
UJM,actor,1,0,0.0001065333,171.213961039,0.0017152659,0.1184871703,0,2,NA
ULPCA-CNC,actor,5,3.3333333333,8.11579394128164E-08,115.5098526474,0.0085763293,0.0799376143,6.49761180278189E-06,2,1
UNIMOSS,actor,6,76.1888651417,3.33496523778238E-05,169.1866161616,0.0102915952,0.1170841634,0.0001485137,2,0.61003861
UnionMat&Chof_Istmo,actor,1,0,0,2.5,0.0017152659,0.0017301038,0,11,NA
UniónPobTierra&Lib,actor,1,0,0.00093185,195.7091269841,0.0017152659,0.1354388422,0,2,NA
UNITONA,actor,2,2039.906551951,2.51974952466221E-06,151.761976912,0.0034305317,0.1050255896,0.0039763563,2,0
UNORCA,actor,3,82.7796684551,9.0637893013347E-06,160.7741563992,0.0051457976,0.111262392,0.000161361,2,0.2857142857
UnSaltoVida,actor,1,0,0.000001816,139.4588023088,0.0017152659,0.0965112819,0,2,NA
UNT,actor,16,23290.930234863,0.0129002996,257.9615079365,0.0274442539,0.1785200747,0.045400627,2,0.2788893426
UNTA,actor,19,9235.2325155888,0.0003413935,211.9266594517,0.0325900515,0.1466620481,0.0180020867,2,0.6305207647
UNTyPP,actor,1,0,2.29008019441315E-05,159.5477633478,0.0017152659,0.1104136771,0,2,NA
UPOEG,actor,1,0,4.6046538500888E-05,155.518037518,0.0017152659,0.1076249395,0,2,NA
UPREZ,actor,4,2633.2723509894,0.0013433115,211.6404761905,0.0068610635,0.1464639974,0.0051329945,2,0.1349206349
UPRN,actor,2,159.8582347515,0.0004015374,190.7400793651,0.0034305317,0.1320000549,0.000311609,2,0.5
UPVA 28 Oct,actor,1,0,6.75494030446895E-05,154.6928932179,0.0017152659,0.1070539053,0,2,NA
Vertebra,actor,1,0,0,2,0.0017152659,0.001384083,0,15,NA
VíaCiudadana,actor,1,0,0,2,0.0017152659,0.001384083,0,15,NA
VO,actor,1,0,3.39462057807885E-06,135.9644660895,0.0017152659,0.0940930561,0,2,NA
VoluntariosxLapaz,actor,1,0,0,4.3333333333,0.0017152659,0.0029988466,0,3,NA
#YoSoy132-CDMX,actor,7,9279.0747070273,0.0008389735,202.2055555556,0.0120068611,0.1399346405,0.0180875476,2,0.2006578947
#YoSoy132-Gro,actor,1,0,0.0001215528,181.129040404,0.0017152659,0.1253488169,0,2,NA
#YoSoy132-Pue,actor,1,0,4.71691567509953E-05,151.0446969697,0.0017152659,0.1045292021,0,2,NA
#YoSoy132-Qro,actor,1,0,0,1.5,0.0017152659,0.0010380623,0,1,NA
#YoSoy132-SLP,actor,2,4,0,3,0.0034305317,0.0020761246,7.79713416333827E-06,8,0
#YoSoy132-Zac,actor,1,0,4.235500914765E-07,130.8474386724,0.0017152659,0.0905518607,0,2,NA
#Yosoyred,actor,1,0,3.39462057808057E-06,135.9644660895,0.0017152659,0.0940930561,0,2,NA
C-001,evento,3,1611.329217664,0.0004356515,202.5917027417,0.0069444444,0.1269371571,0.003211841,2,NA
C-002,evento,2,0.125,0,5.5,0.0046296296,0.0034461153,2.49160826336897E-07,9,NA
C-003,evento,2,0.125,0,5.5,0.0046296296,0.0034461153,2.49160826336897E-07,9,NA
C-004,evento,2,884,7.35443529197821E-05,163.3696248196,0.0046296296,0.1023619203,0.0017620654,2,NA
C-005,evento,2,0.125,0,5.5,0.0046296296,0.0034461153,2.49160826336897E-07,9,NA
C-006,evento,2,0.125,0,5.5,0.0046296296,0.0034461153,2.49160826336897E-07,9,NA
C-007,evento,2,0.125,0,5.5,0.0046296296,0.0034461153,2.49160826336897E-07,9,NA
C-008,evento,9,8738.1223333439,7.12658774571493E-05,194.7787878788,0.0208333333,0.122041847,0.0174175822,2,NA
C-009,evento,2,17.5027869856,8.89077419926449E-05,140.2352786103,0.0046296296,0.0878667159,3.48880709481936E-05,2,NA
C-010,evento,3,1153.5595068982,7.05686013937931E-05,196.0879148629,0.0069444444,0.122862102,0.0022993747,2,NA
C-011,evento,15,17276.188087919,0.0041727694,237.902020202,0.0347222222,0.1490614162,0.0344363944,2,NA
C-012,evento,5,2971.3629020696,4.03136689661472E-06,139.9248501499,0.0115740741,0.0876722119,0.0059227779,2,NA
C-013,evento,2,1077.9281693931,0.0054540828,204.737012987,0.0046296296,0.1282813365,0.0021486198,2,NA
C-014,evento,6,1762.7049643883,0.0037606043,223.6746392496,0.0138888889,0.1401470171,0.0035135762,2,NA
C-015,evento,5,354.6347554624,0.0028337788,200.1067821068,0.0115740741,0.1253801893,0.0007068887,2,NA
C-016,evento,11,14744.4063064704,0.004026928,236.077020202,0.025462963,0.1479179325,0.0293898277,2,NA
C-017,evento,4,2004.1525533639,0.0055231819,206.337012987,0.0092592593,0.1292838427,0.0039948505,2,NA
C-018,evento,3,2463.972379633,0.0054766029,205.6536796537,0.0069444444,0.128855689,0.0049114032,2,NA
C-019,evento,5,1362.5292981826,0.0017523854,217.1075757576,0.0115740741,0.1360323156,0.0027159114,2,NA
C-020,evento,8,5745.1372480421,0.0025703432,224.7746392496,0.0185185185,0.1408362401,0.0114517052,2,NA
C-021,evento,6,3008.9777505048,0.0031057431,225.107972583,0.0138888889,0.1410450956,0.0059977551,2,NA
C-022,evento,2,884,0.000000082,121.4652847153,0.0046296296,0.0761060681,0.0017620654,2,NA
C-023,evento,3,4520.3576907604,0.0044295483,203.7111471861,0.0069444444,0.1276385634,0.0090103685,2,NA
C-024,evento,5,8185.3686187015,0.0055134253,221.6023809524,0.0115740741,0.1388486096,0.0163157857,2,NA
C-025,evento,6,3572.1852454801,4.54800714863379E-07,141.3337773338,0.0138888889,0.0885549983,0.007120389,2,NA
C-026,evento,2,441,2.75111683446787E-06,122.5059024309,0.0046296296,0.0767580842,0.0008790394,2,NA
C-027,evento,3,1325,2.76220343320375E-06,123.1725690976,0.0069444444,0.0771757952,0.0026411048,2,NA
C-028,evento,10,11282.6772489886,0.0016815669,217.6496392496,0.0231481481,0.1363719544,0.0224896095,2,NA
C-029,evento,3,351.8,2.56206222528058E-07,131.4323648574,0.0069444444,0.0823511058,0.0007012382,2,NA
C-030,evento,3,351.8,2.56206222528266E-07,131.4323648574,0.0069444444,0.0823511058,0.0007012382,2,NA
C-031,evento,3,351.8,2.56206222524163E-07,131.4323648574,0.0069444444,0.0823511058,0.0007012382,2,NA
C-032,evento,3,351.8,2.56206222526777E-07,131.4323648574,0.0069444444,0.0823511058,0.0007012382,2,NA
C-033,evento,3,351.8,2.56206222529646E-07,131.4323648574,0.0069444444,0.0823511058,0.0007012382,2,NA
C-034,evento,2,441.5,9.02914393693299E-10,90.4641552892,0.0046296296,0.0566818016,0.000880036,2,NA
C-035,evento,2,60.0947503099,0.0003157446,153.8398629149,0.0046296296,0.0963908916,0.0001197861,2,NA
C-036,evento,2,441.5,0.0004172901,167.6867604618,0.0046296296,0.1050668925,0.000880036,2,NA
C-037,evento,2,85.4263781221,5.6428816257852E-05,154.5596681097,0.0046296296,0.0968418973,0.0001702793,2,NA
C-038,evento,2,884,0.0003556068,194.2980880231,0.0046296296,0.1217406567,0.0017620654,2,NA
C-039,evento,3,668.931362651,0.0004046359,196.1508297258,0.0069444444,0.1229015224,0.0013333719,2,NA
C-040,evento,2,1077.9281693931,0.0054540828,204.737012987,0.0046296296,0.1282813365,0.0021486198,2,NA
C-041,evento,2,3,0,2.8333333333,0.0046296296,0.0017752715,5.97985983208554E-06,8,NA
C-042,evento,2,884,0.0003017261,153.8398629149,0.0046296296,0.0963908916,0.0017620654,2,NA
C-043,evento,2,124.8316699313,0.0004274287,194.6814213564,0.0046296296,0.1219808404,0.0002488253,2,NA
C-044,evento,2,30.2814915577,0.0007818883,194.5957070707,0.0046296296,0.1219271348,6.03596916738164E-05,2,NA
C-045,evento,2,220.25,0.0054756045,204.1036796537,0.0046296296,0.1278845111,0.0004390214,2,NA
C-046,evento,4,3031.800671154,0.0050320796,222.8278138528,0.0092592593,0.1396164247,0.0060432477,2,NA
C-047,evento,3,66.3440558086,0.0008396036,195.5123737374,0.0069444444,0.1225014873,0.0001322427,2,NA
C-048,evento,3,66.3440558086,0.0008396036,195.5123737374,0.0069444444,0.1225014873,0.0001322427,2,NA
C-049,evento,3,66.3440558086,0.0008396036,195.5123737374,0.0069444444,0.1225014873,0.0001322427,2,NA
C-050,evento,2,60.0947503099,0.0003157446,153.8398629149,0.0046296296,0.0963908916,0.0001197861,2,NA
C-051,evento,2,60.0947503099,0.0003157446,153.8398629149,0.0046296296,0.0963908916,0.0001197861,2,NA
C-052,evento,2,60.0947503099,0.0003157446,153.8398629149,0.0046296296,0.0963908916,0.0001197861,2,NA
C-053,evento,2,60.0947503099,0.0003157446,153.8398629149,0.0046296296,0.0963908916,0.0001197861,2,NA
C-054,evento,2,60.0947503099,0.0003157446,153.8398629149,0.0046296296,0.0963908916,0.0001197861,2,NA
C-055,evento,2,60.0947503099,0.0003157446,153.8398629149,0.0046296296,0.0963908916,0.0001197861,2,NA
C-056,evento,2,60.0947503099,0.0003157446,153.8398629149,0.0046296296,0.0963908916,0.0001197861,2,NA
C-057,evento,2,60.0947503099,0.0003157446,153.8398629149,0.0046296296,0.0963908916,0.0001197861,2,NA
C-058,evento,3,66.3440558086,0.0008396036,195.5123737374,0.0069444444,0.1225014873,0.0001322427,2,NA
C-059,evento,3,66.3440558086,0.0008396036,195.5123737374,0.0069444444,0.1225014873,0.0001322427,2,NA
C-060,evento,4,10973.8396073452,0.01472923,240.7445526696,0.0092592593,0.1508424515,0.0218740076,2,NA
C-061,evento,9,7522.7110670422,0.0019125082,226.7615440115,0.0208333333,0.1420811679,0.0149949192,2,NA
C-062,evento,2,220.25,0.0054756045,204.1036796537,0.0046296296,0.1278845111,0.0004390214,2,NA
C-063,evento,3,66.3440558086,0.0008396036,195.5123737374,0.0069444444,0.1225014873,0.0001322427,2,NA
C-064,evento,3,66.3440558086,0.0008396036,195.5123737374,0.0069444444,0.1225014873,0.0001322427,2,NA
C-065,evento,6,10057.2312675571,0.0012347314,224.9520562771,0.0138888889,0.1409474037,0.0200469444,2,NA
C-066,evento,2,1,0,2,0.0046296296,0.0012531328,1.99328661069518E-06,21,NA
C-067,evento,9,23527.2431112081,0.021144065,256.7428571429,0.0208333333,0.1608664518,0.0468965387,2,NA
C-068,evento,3,1767,5.35821215589293E-05,162.7481962482,0.0069444444,0.101972554,0.0035221374,2,NA
C-069,evento,17,26636.0998684687,0.0147087123,261.4781746032,0.0393518519,0.1638334427,0.0530933812,2,NA
C-070,evento,2,32.6752187725,0.0007239008,195.8303391053,0.0046296296,0.1227007137,6.51310760806749E-05,2,NA
C-071,evento,4,963.4861291493,0.0033442835,213.2365440115,0.0092592593,0.1336068572,0.001920504,2,NA
C-072,evento,4,6227.5191443941,0.0061921067,226.3353174603,0.0092592593,0.1418141087,0.0124132305,2,NA
C-073,evento,3,1121.1525533639,0.0055009243,205.6703463203,0.0069444444,0.1288661318,0.0022347784,2,NA
C-074,evento,2,1432.275331185,0.0047919378,208.5564935065,0.0046296296,0.1306744947,0.0028549352,2,NA
C-075,evento,2,1,0,2,0.0046296296,0.0012531328,1.99328661069518E-06,1,NA
C-076,evento,2,2562.9834139802,0.000042354,168.4621572872,0.0046296296,0.1055527301,0.0051087605,2,NA
C-077,evento,2,884,0.000000522,137.5716200466,0.0046296296,0.0861977569,0.0017620654,2,NA
C-078,evento,4,2002.084514022,0.0007445378,186.9536796537,0.0092592593,0.117138897,0.0039907283,2,NA
C-079,evento,3,354.7833333333,3.56166551390603E-07,122.5382090132,0.0069444444,0.0767783264,0.0007071849,2,NA
C-080,evento,5,4532.1668504095,0.0817126426,256.5595238095,0.0115740741,0.1607515813,0.0090339075,2,NA
C-081,evento,2,441.5,2.12921324215401E-09,104.7730713731,0.0046296296,0.0656472878,0.000880036,2,NA
C-082,evento,2,1,0,2,0.0046296296,0.0012531328,1.99328661069518E-06,31,NA
C-083,evento,3,1767,5.3582121558929E-05,162.7481962482,0.0069444444,0.101972554,0.0035221374,2,NA
C-084,evento,2,441.5,0.0054312941,204.1036796537,0.0046296296,0.1278845111,0.000880036,2,NA
C-085,evento,3,1767,1.09387330884413E-06,140.5278443778,0.0069444444,0.0880500278,0.0035221374,2,NA
C-086,evento,2,441.5,2.1292132424105E-09,104.7730713731,0.0046296296,0.0656472878,0.000880036,2,NA
C-087,evento,2,441.5,0.0054312941,204.1036796537,0.0046296296,0.1278845111,0.000880036,2,NA
C-088,evento,3,354.7833333333,3.56166551395549E-07,122.5382090132,0.0069444444,0.0767783264,0.0007071849,2,NA
C-089,evento,2,449.782204202,0.0054727988,211.5346320346,0.0046296296,0.1325404963,0.0008965448,2,NA
C-090,evento,9,8181.4596420309,0.000020273,172.6341020091,0.0208333333,0.1081667306,0.016307994,2,NA
C-091,evento,4,2649,5.37998041351776E-05,163.4148629149,0.0092592593,0.102390265,0.0052802162,2,NA
C-092,evento,2,352.7985034203,0.0054540905,204.3536796537,0.0046296296,0.1280411527,0.0007032285,2,NA
C-093,evento,2,268.0754177869,5.92779209218169E-05,186.6632867133,0.0046296296,0.1169569466,0.0005343511,2,NA
C-094,evento,4,5083.801717676,1.0864326750354E-05,173.8217171717,0.0092592593,0.1089108504,0.0101334739,2,NA
C-095,evento,5,3530,0.000009473,167.4292929293,0.0115740741,0.104905572,0.0070363017,2,NA
C-096,evento,2,28.6434088246,0.0095222555,206.1897907648,0.0046296296,0.1291915982,5.70945232947237E-05,2,NA
C-097,evento,8,4718.7295627104,2.1985339771609E-06,162.6621683872,0.0185185185,0.1019186519,0.0094057805,2,NA
C-098,evento,4,6,0,4,0.0092592593,0.0025062657,1.19597196641711E-05,4,NA
C-099,evento,2,28.6434088246,0.0095222555,206.1897907648,0.0046296296,0.1291915982,5.70945232947237E-05,2,NA
C-100,evento,3,2421.410925562,0.0054340299,208.030952381,0.0069444444,0.1303452083,0.004826566,2,NA
C-101,evento,2,1,0,2,0.0046296296,0.0012531328,1.99328661069518E-06,24,NA
C-102,evento,2,3524,0.000000522,138.20495338,0.0046296296,0.0865945823,0.007024342,2,NA
C-103,evento,3,198.75346526,0.0141597613,214.2136002886,0.0069444444,0.1342190478,0.0003961726,2,NA
C-104,evento,3,198.75346526,0.0141597613,214.2136002886,0.0069444444,0.1342190478,0.0003961726,2,NA
C-105,evento,3,4404,2.21347621464963E-07,113.4184204684,0.0069444444,0.0710641732,0.0087784342,2,NA
C-106,evento,2,159.1027593935,0.010025201,213.0469336219,0.0046296296,0.1334880536,0.0003171374,2,NA
C-107,evento,2,0.4142125759,0.1235233074,203.4870851371,0.0046296296,0.1274981736,8.25644381609406E-07,2,NA
C-108,evento,2,6146,5.75254257244251E-05,142.7678904429,0.0046296296,0.0894535654,0.0122507395,2,NA
C-109,evento,3,198.75346526,0.0141597613,214.2136002886,0.0069444444,0.1342190478,0.0003961726,2,NA
C-110,evento,2,770.2834753206,0.004353708,204.5266233766,0.0046296296,0.1281495134,0.0015353957,2,NA
C-111,evento,8,7842.9579374246,0.0811537433,259.9833333333,0.0185185185,0.1628968254,0.015633263,2,NA
C-112,evento,3,7023,5.44824591270785E-05,150.2314935065,0.0069444444,0.0941300085,0.0139988519,2,NA
C-113,evento,4,8082.75346526,0.0142170549,215.6326479076,0.0092592593,0.1351081754,0.0161112443,2,NA
C-114,evento,2,1,0,2,0.0046296296,0.0012531328,1.99328661069518E-06,23,NA
C-115,evento,2,85.4263781221,5.64288162578498E-05,154.5596681097,0.0046296296,0.0968418973,0.0001702793,2,NA
C-116,evento,2,0.4142125759,0.1235233074,203.4870851371,0.0046296296,0.1274981736,8.25644381609406E-07,2,NA
C-117,evento,3,1080.5169229367,0.0064819919,214.1012987013,0.0069444444,0.1341486834,0.0021537799,2,NA
C-118,evento,4,261.0987864659,0.0109013395,203.1445887446,0.0092592593,0.1272835769,0.0005204447,2,NA
C-119,evento,2,332.823073078,0.000062351,186.67995338,0.0046296296,0.1169673893,0.0006634118,2,NA
C-120,evento,2,332.823073078,0.000062351,186.67995338,0.0046296296,0.1169673893,0.0006634118,2,NA
C-121,evento,2,332.823073078,0.000062351,186.67995338,0.0046296296,0.1169673893,0.0006634118,2,NA
C-122,evento,2,332.823073078,0.000062351,186.67995338,0.0046296296,0.1169673893,0.0006634118,2,NA
C-123,evento,2,332.823073078,0.000062351,186.67995338,0.0046296296,0.1169673893,0.0006634118,2,NA
C-124,evento,2,332.823073078,0.000062351,186.67995338,0.0046296296,0.1169673893,0.0006634118,2,NA
C-125,evento,2,332.823073078,0.000062351,186.67995338,0.0046296296,0.1169673893,0.0006634118,2,NA
C-126,evento,2,332.823073078,0.000062351,186.67995338,0.0046296296,0.1169673893,0.0006634118,2,NA
C-127,evento,2,332.823073078,0.000062351,186.67995338,0.0046296296,0.1169673893,0.0006634118,2,NA
C-128,evento,2,332.823073078,0.000062351,186.67995338,0.0046296296,0.1169673893,0.0006634118,2,NA
C-129,evento,2,332.823073078,0.000062351,186.67995338,0.0046296296,0.1169673893,0.0006634118,2,NA
C-130,evento,2,332.823073078,0.000062351,186.67995338,0.0046296296,0.1169673893,0.0006634118,2,NA
C-131,evento,3,5279,0.0006744085,171.0076839827,0.0069444444,0.1071476717,0.01052256,2,NA
C-132,evento,2,29.979444358,0.0010942967,172.6887445887,0.0046296296,0.1082009678,5.97576250349428E-05,2,NA
C-133,evento,2,1913.0566511034,4.48924814847167E-05,168.7883477633,0.0046296296,0.1057571101,0.0038132702,2,NA
C-134,evento,2,0.4142125759,0.1235233074,203.4870851371,0.0046296296,0.1274981736,8.25644381609406E-07,2,NA
C-135,evento,2,5,0,3.6666666667,0.0046296296,0.0022974102,9.96643305347589E-06,28,NA
C-136,evento,3,198.75346526,0.0141597613,214.2136002886,0.0069444444,0.1342190478,0.0003961726,2,NA
C-137,evento,2,0.4142125759,0.1235233074,203.4870851371,0.0046296296,0.1274981736,8.25644381609406E-07,2,NA
C-138,evento,2,0.4142125759,0.1235233074,203.4870851371,0.0046296296,0.1274981736,8.25644381609406E-07,2,NA
C-139,evento,2,0.4142125759,0.1235233074,203.4870851371,0.0046296296,0.1274981736,8.25644381609406E-07,2,NA
C-140,evento,2,0.4142125759,0.1235233074,203.4870851371,0.0046296296,0.1274981736,8.25644381609406E-07,2,NA
C-141,evento,2,441.5,0.0004172901,167.6867604618,0.0046296296,0.1050668925,0.000880036,2,NA
C-142,evento,2,159.1027593935,0.010025201,213.0469336219,0.0046296296,0.1334880536,0.0003171374,2,NA
C-143,evento,2,0.4142125759,0.1235233074,203.4870851371,0.0046296296,0.1274981736,8.25644381609406E-07,2,NA
C-144,evento,2,0.4142125759,0.1235233074,203.4870851371,0.0046296296,0.1274981736,8.25644381609406E-07,2,NA
C-145,evento,2,0.4142125759,0.1235233074,203.4870851371,0.0046296296,0.1274981736,8.25644381609406E-07,2,NA
C-146,evento,2,0.4142125759,0.1235233074,203.4870851371,0.0046296296,0.1274981736,8.25644381609406E-07,2,NA
C-147,evento,2,884,0.0046561943,198.4231601732,0.0046296296,0.1243252883,0.0017620654,2,NA
C-148,evento,2,0.4142125759,0.1235233074,203.4870851371,0.0046296296,0.1274981736,8.25644381609406E-07,2,NA
C-149,evento,7,2345.5610871029,0.000120279,207.2585497836,0.0162037037,0.1298612467,0.0046753755,2,NA
C-150,evento,5,5992.6922998632,0.0116050774,242.1996031746,0.0115740741,0.1517541373,0.0119451533,2,NA
C-151,evento,2,0.4142125759,0.1235233074,203.4870851371,0.0046296296,0.1274981736,8.25644381609406E-07,2,NA
C-152,evento,3,3524.3333333333,0.0054320114,205.2703463203,0.0069444444,0.1286155052,0.0070250064,2,NA
C-153,evento,2,0.4142125759,0.1235233074,203.4870851371,0.0046296296,0.1274981736,8.25644381609406E-07,2,NA
C-154,evento,2,0.4142125759,0.1235233074,203.4870851371,0.0046296296,0.1274981736,8.25644381609406E-07,2,NA
C-155,evento,2,0.4142125759,0.1235233074,203.4870851371,0.0046296296,0.1274981736,8.25644381609406E-07,2,NA
C-156,evento,2,0.4142125759,0.1235233074,203.4870851371,0.0046296296,0.1274981736,8.25644381609406E-07,2,NA
C-157,evento,2,0.4142125759,0.1235233074,203.4870851371,0.0046296296,0.1274981736,8.25644381609406E-07,2,NA
C-158,evento,2,0.4142125759,0.1235233074,203.4870851371,0.0046296296,0.1274981736,8.25644381609406E-07,2,NA
C-159,evento,2,0.4142125759,0.1235233074,203.4870851371,0.0046296296,0.1274981736,8.25644381609406E-07,2,NA
C-160,evento,2,0.4142125759,0.1235233074,203.4870851371,0.0046296296,0.1274981736,8.25644381609406E-07,2,NA
C-161,evento,5,4573.5746809349,0.0743889245,253.4489177489,0.0115740741,0.15880258,0.0091164452,2,NA
C-162,evento,2,0.4142125759,0.1235233074,203.4870851371,0.0046296296,0.1274981736,8.25644381609406E-07,2,NA
C-163,evento,2,0.4142125759,0.1235233074,203.4870851371,0.0046296296,0.1274981736,8.25644381609406E-07,2,NA
C-164,evento,5,4532.1668504095,0.0817126426,256.5595238095,0.0115740741,0.1607515813,0.0090339075,2,NA
C-165,evento,2,0.4142125759,0.1235233074,203.4870851371,0.0046296296,0.1274981736,8.25644381609406E-07,2,NA
C-166,evento,2,0.4142125759,0.1235233074,203.4870851371,0.0046296296,0.1274981736,8.25644381609406E-07,2,NA
C-167,evento,2,352.7985034203,0.0054540905,204.3536796537,0.0046296296,0.1280411527,0.0007032285,2,NA
C-168,evento,2,0.4142125759,0.1235233074,203.4870851371,0.0046296296,0.1274981736,8.25644381609406E-07,2,NA
C-169,evento,2,0.4142125759,0.1235233074,203.4870851371,0.0046296296,0.1274981736,8.25644381609406E-07,2,NA
C-170,evento,2,0.4142125759,0.1235233074,203.4870851371,0.0046296296,0.1274981736,8.25644381609406E-07,2,NA
C-171,evento,2,0.4142125759,0.1235233074,203.4870851371,0.0046296296,0.1274981736,8.25644381609406E-07,2,NA
C-172,evento,2,0.4142125759,0.1235233074,203.4870851371,0.0046296296,0.1274981736,8.25644381609406E-07,2,NA
C-173,evento,4,1060.4433885517,3.12796062210986E-05,160.8225468975,0.0092592593,0.1007660068,0.0021137676,2,NA
C-174,evento,4,2526.4298049566,0.0005481956,205.4588023088,0.0092592593,0.1287335854,0.0050358987,2,NA
C-175,evento,8,6790.5957300499,0.0841226964,258.8095238095,0.0185185185,0.1621613558,0.0135356035,2,NA
C-176,evento,2,0.4142125759,0.1235233074,203.4870851371,0.0046296296,0.1274981736,8.25644381609406E-07,2,NA
C-177,evento,2,220.25,0.0054756045,204.1036796537,0.0046296296,0.1278845111,0.0004390214,2,NA
C-178,evento,4,3674.7891363205,0.0059067138,229.9261904762,0.0092592593,0.1440640291,0.007324908,2,NA
C-179,evento,3,873.4894036707,0.006405079,201.2279220779,0.0069444444,0.1260826579,0.0017411147,2,NA
C-180,evento,4,8233.6255708518,0.0004313216,215.1714646465,0.0092592593,0.1348192134,0.0164119756,2,NA
C-181,evento,2,1,0,2,0.0046296296,0.0012531328,1.99328661069518E-06,6,NA
C-182,evento,2,0.125,0,5.5,0.0046296296,0.0034461153,2.49160826336897E-07,9,NA
C-183,evento,2,4.3731092437,0.0014197391,172.6887445887,0.0046296296,0.1082009678,8.7168601025695E-06,2,NA
C-184,evento,2,3,0,2.8333333333,0.0046296296,0.0017752715,5.97985983208554E-06,8,NA
C-185,evento,3,1767,6.68549311062726E-06,155.3833333333,0.0069444444,0.0973579783,0.0035221374,2,NA
C-186,evento,9,20959.7430370794,0.0134105247,232.0095238095,0.0208333333,0.1453693758,0.0417787752,2,NA
C-187,evento,5,1647.712339527,5.84684289877601E-06,150.1172743923,0.0115740741,0.0940584426,0.0032843629,2,NA
C-188,evento,3,9422.998404056,7.12290102564346E-06,156.4264541015,0.0069444444,0.0980115627,0.0187827366,2,NA
C-189,evento,8,9575.6248729685,0.0848671525,261.2261904762,0.0185185185,0.1636755579,0.0190869648,2,NA
C-190,evento,2,690.5312503676,6.50396879576273E-05,188.2335497836,0.0046296296,0.1179408207,0.0013764267,2,NA
C-191,evento,4,1873.2835257627,0.00000982,166.7626262626,0.0092592593,0.1044878611,0.003733991,2,NA
C-192,evento,3,2059.5279385476,0.0005357355,204.4088023088,0.0069444444,0.1280756907,0.0041052295,2,NA
C-193,evento,4,1857.9924386871,0.0008438362,185.2537157287,0.0092592593,0.1160737567,0.0037035115,2,NA
C-194,evento,3,3.5,0,4.3333333333,0.0069444444,0.0027151211,6.97650313743313E-06,28,NA
C-195,evento,2,176.5443152308,1.73563297982008E-05,170.4022727273,0.0046296296,0.1067683413,0.0003519034,2,NA
C-196,evento,2,3,0,2.8333333333,0.0046296296,0.0017752715,5.97985983208554E-06,26,NA
C-197,evento,2,1,0,2,0.0046296296,0.0012531328,1.99328661069518E-06,30,NA
C-198,evento,3,1253.214580735,0.0007268452,196.747005772,0.0069444444,0.1232750663,0.0024980158,2,NA
C-199,evento,2,0.4142125759,0.1235233074,203.4870851371,0.0046296296,0.1274981736,8.25644381609406E-07,2,NA
C-200,evento,2,32.6752187725,0.0007239008,195.8303391053,0.0046296296,0.1227007137,6.51310760806749E-05,2,NA
C-201,evento,2,0.4142125759,0.1235233074,203.4870851371,0.0046296296,0.1274981736,8.25644381609406E-07,2,NA
C-202,evento,3,12310.4871041667,0.0019186401,234.6071789322,0.0069444444,0.1469969793,0.0245383291,2,NA
C-203,evento,3,167.4648653592,0.0049888269,199.0898268398,0.0069444444,0.1247429993,0.0003338055,2,NA
C-204,evento,3,167.4648653592,0.0049888269,199.0898268398,0.0069444444,0.1247429993,0.0003338055,2,NA
C-205,evento,3,167.4648653592,0.0049888269,199.0898268398,0.0069444444,0.1247429993,0.0003338055,2,NA
C-206,evento,6,4105.5675973378,0.0071370634,233.8523809524,0.0138888889,0.1465240482,0.0081835729,2,NA
C-207,evento,2,32.6752187725,0.0007239008,195.8303391053,0.0046296296,0.1227007137,6.51310760806749E-05,2,NA
C-208,evento,3,63.4418189604,1.45118514856276E-05,171.607034632,0.0069444444,0.1075232047,0.0001264577,2,NA
C-209,evento,3,63.4418189604,1.4511851485612E-05,171.607034632,0.0069444444,0.1075232047,0.0001264577,2,NA
C-210,evento,3,63.4418189604,1.4511851485618E-05,171.607034632,0.0069444444,0.1075232047,0.0001264577,2,NA
C-211,evento,3,63.4418189604,1.45118514856147E-05,171.607034632,0.0069444444,0.1075232047,0.0001264577,2,NA
C-212,evento,3,63.4418189604,1.45118514856212E-05,171.607034632,0.0069444444,0.1075232047,0.0001264577,2,NA
C-213,evento,3,63.4418189604,1.45118514856104E-05,171.607034632,0.0069444444,0.1075232047,0.0001264577,2,NA
C-214,evento,3,63.4418189604,1.45118514856134E-05,171.607034632,0.0069444444,0.1075232047,0.0001264577,2,NA
C-215,evento,3,63.4418189604,1.45118514856155E-05,171.607034632,0.0069444444,0.1075232047,0.0001264577,2,NA
C-216,evento,3,63.4418189604,1.45118514856191E-05,171.607034632,0.0069444444,0.1075232047,0.0001264577,2,NA
C-217,evento,3,63.4418189604,1.45118514856226E-05,171.607034632,0.0069444444,0.1075232047,0.0001264577,2,NA
C-218,evento,3,63.4418189604,1.4511851485616E-05,171.607034632,0.0069444444,0.1075232047,0.0001264577,2,NA
C-219,evento,2,4.9970464888,0.000030228,166.3991813742,0.0046296296,0.1042601387,9.96054585906335E-06,2,NA
C-220,evento,4,3755.6337143623,0.0001780477,206.1976551227,0.0092592593,0.1291965258,0.0074860544,2,NA
C-221,evento,2,32.6752187725,0.0007239008,195.8303391053,0.0046296296,0.1227007137,6.51310760806749E-05,2,NA
C-222,evento,2,124.3705347843,4.53403894075832E-05,146.9484099234,0.0046296296,0.0920729385,0.0002479061,2,NA
C-223,evento,3,4008.2475474042,7.16897723692844E-05,192.1910644911,0.0069444444,0.1204204665,0.0079895862,2,NA
C-224,evento,8,6966.2471527307,0.0094378475,229.8404761905,0.0185185185,0.1440103234,0.0138857272,2,NA
C-225,evento,8,2336.766161375,0.0042066748,216.4198773449,0.0185185185,0.1356014269,0.0046578447,2,NA
C-226,evento,5,30092.2713772493,0.0057003022,227.1297979798,0.0115740741,0.1423119035,0.0599825216,2,NA
C-227,evento,4,113.0485411772,1.51679017650178E-05,172.2737012987,0.0092592593,0.1079409156,0.0002253381,2,NA
C-228,evento,4,113.0485411772,1.51679017650187E-05,172.2737012987,0.0092592593,0.1079409156,0.0002253381,2,NA
C-229,evento,4,113.0485411772,1.51679017650107E-05,172.2737012987,0.0092592593,0.1079409156,0.0002253381,2,NA
C-230,evento,4,113.0485411772,1.51679017650185E-05,172.2737012987,0.0092592593,0.1079409156,0.0002253381,2,NA
C-231,evento,3,538.6828525653,6.85673502757703E-05,190.4771756022,0.0069444444,0.1193466013,0.0010737493,2,NA
C-232,evento,2,818.2214246086,0.0006718507,174.7981240981,0.0046296296,0.1095226341,0.0016309498,2,NA
C-233,evento,2,0.4142125759,0.1235233074,203.4870851371,0.0046296296,0.1274981736,8.25644381609406E-07,2,NA
C-234,evento,3,299.5875603943,0.0011076525,173.3554112554,0.0069444444,0.1086186787,0.0005971639,2,NA
C-235,evento,2,1,0,2,0.0046296296,0.0012531328,1.99328661069518E-06,20,NA
C-236,evento,6,7830.4464863084,0.0009076357,226.5238455988,0.0138888889,0.1419322341,0.0156083241,2,NA
C-237,evento,2,695.7940823858,0.0003824995,200.2417027417,0.0046296296,0.125464726,0.001386917,2,NA
C-238,evento,2,131.3383797739,1.09952376651339E-05,169.0022727273,0.0046296296,0.1058911483,0.000261795,2,NA
C-239,evento,2,131.3383797739,1.09952376651291E-05,169.0022727273,0.0046296296,0.1058911483,0.000261795,2,NA
C-240,evento,6,3155.7418749024,0.0003929813,203.3631313131,0.0138888889,0.1274205083,0.006290298,2,NA
C-241,evento,3,3,0,3,0.0069444444,0.0018796992,5.97985983208554E-06,15,NA
C-242,evento,4,2649,1.14606633974509E-09,105.6635753136,0.0092592593,0.0662052477,0.0052802162,2,NA
C-243,evento,3,2260.0982075098,4.80019465987978E-05,167.6321789322,0.0069444444,0.1050326936,0.0045050235,2,NA
C-244,evento,3,3614.094323865,0.0003634788,209.0936868687,0.0069444444,0.131011082,0.0072039258,2,NA
C-245,evento,3,15,0,5.1666666667,0.0069444444,0.0032372598,2.98992991604277E-05,3,NA
C-246,evento,6,1227.3709539136,2.28133193681835E-05,174.1983877234,0.0138888889,0.1091468595,0.0024465021,2,NA
C-247,evento,6,1227.3709539136,2.28133193681804E-05,174.1983877234,0.0138888889,0.1091468595,0.0024465021,2,NA
C-248,evento,4,2219.2076073877,4.68924184010083E-07,140.6532939283,0.0092592593,0.0881286303,0.0044235168,2,NA
C-249,evento,2,884,0.0054094068,204.1036796537,0.0046296296,0.1278845111,0.0017620654,2,NA
C-250,evento,6,9434.0570416727,0.0003614759,199.9238816739,0.0138888889,0.12526559,0.0188047796,2,NA
C-251,evento,7,4876.8802907926,0.0013899511,212.0627344877,0.0162037037,0.1328713875,0.0097210202,2,NA
C-252,evento,2,153.4730911336,8.00363683105148E-05,192.0938422688,0.0046296296,0.1203595503,0.0003059159,2,NA
C-253,evento,2,153.4730911336,8.0036368310522E-05,192.0938422688,0.0046296296,0.1203595503,0.0003059159,2,NA
C-254,evento,2,884,1.46258909357051E-06,134.9821289821,0.0046296296,0.0845752688,0.0017620654,2,NA
C-255,evento,4,8760.25,4.26796210071655E-05,169.8145382395,0.0092592593,0.1064000866,0.017461689,2,NA
C-256,evento,4,3151.3512040559,1.84192389682437E-05,148.985977911,0.0092592593,0.0933496102,0.0062815462,2,NA
C-257,evento,2,352.7985034203,0.0054540905,204.3536796537,0.0046296296,0.1280411527,0.0007032285,2,NA
C-258,evento,5,616.2896588654,0.0001074416,197.4644771895,0.0115740741,0.1237246098,0.0012284419,2,NA
C-259,evento,4,2410.91851999,0.0010662282,190.258044733,0.0092592593,0.1192093012,0.0048056516,2,NA
C-260,evento,2,45.9539384052,0.0006266745,193.7351010101,0.0046296296,0.1213879079,9.15993701318945E-05,2,NA
C-261,evento,4,4093.584511417,0.0004782425,210.1714646465,0.0092592593,0.1316863814,0.0081596872,2,NA
C-262,evento,2,45.9539384052,0.0006266745,193.7351010101,0.0046296296,0.1213879079,9.15993701318945E-05,2,NA
C-263,evento,2,220.25,0.0054756045,204.1036796537,0.0046296296,0.1278845111,0.0004390214,2,NA
C-264,evento,2,0.4142125759,0.1235233074,203.4870851371,0.0046296296,0.1274981736,8.25644381609406E-07,2,NA
C-265,evento,4,6,0,4,0.0092592593,0.0025062657,1.19597196641711E-05,11,NA
C-266,evento,4,1512.6937161277,7.78882464067228E-05,195.2402958153,0.0092592593,0.1223310124,0.0030152321,2,NA
C-267,evento,4,1512.6937161277,7.78882464067271E-05,195.2402958153,0.0092592593,0.1223310124,0.0030152321,2,NA
C-268,evento,4,7242.6623759908,4.28201945254938E-05,170.5978715729,0.0092592593,0.106890897,0.0144367019,2,NA
C-269,evento,2,36.3188303856,0.0006054612,193.4851010101,0.0046296296,0.1212312663,7.23938383237965E-05,2,NA
C-270,evento,2,68.8955866353,6.1026544139284E-05,150.9070929071,0.0046296296,0.0945533164,0.0001373287,2,NA
C-271,evento,2,45.9539384052,0.0006266745,193.7351010101,0.0046296296,0.1213879079,9.15993701318945E-05,2,NA
C-272,evento,2,45.9539384052,0.0006266745,193.7351010101,0.0046296296,0.1213879079,9.15993701318945E-05,2,NA
C-273,evento,2,32.6752187725,0.0007239008,195.8303391053,0.0046296296,0.1227007137,6.51310760806749E-05,2,NA
C-274,evento,2,1,0,2,0.0046296296,0.0012531328,1.99328661069518E-06,18,NA
C-275,evento,5,1119.7689319303,0.0008617979,200.2493867244,0.0115740741,0.1254695406,0.0022320204,2,NA
C-276,evento,2,45.9539384052,0.0006266745,193.7351010101,0.0046296296,0.1213879079,9.15993701318945E-05,2,NA
C-277,evento,2,45.9539384052,0.0006266745,193.7351010101,0.0046296296,0.1213879079,9.15993701318945E-05,2,NA
C-278,evento,2,45.9539384052,0.0006266745,193.7351010101,0.0046296296,0.1213879079,9.15993701318945E-05,2,NA
C-279,evento,2,2474.6146307196,0.0009717125,210.3369408369,0.0046296296,0.1317900632,0.0049326162,2,NA
C-280,evento,2,884,4.23256146433611E-05,166.9645382395,0.0046296296,0.1046143723,0.0017620654,2,NA
C-281,evento,2,45.9539384052,0.0006266745,193.7351010101,0.0046296296,0.1213879079,9.15993701318945E-05,2,NA
C-282,evento,2,26.2874563186,0.000627184,193.4851010101,0.0046296296,0.1212312663,5.23984347091123E-05,2,NA
C-283,evento,2,26.2874563186,0.000627184,193.4851010101,0.0046296296,0.1212312663,5.23984347091123E-05,2,NA
C-284,evento,3,76.8637516746,0.0007598932,196.497005772,0.0069444444,0.1231184247,0.0001532115,2,NA
C-285,evento,5,10263.610978217,6.01205477497922E-05,193.0462232212,0.0115740741,0.1209562802,0.0204583183,2,NA
C-286,evento,3,76.8637516746,0.0007598932,196.497005772,0.0069444444,0.1231184247,0.0001532115,2,NA
C-287,evento,2,45.9539384052,0.0006266745,193.7351010101,0.0046296296,0.1213879079,9.15993701318945E-05,2,NA
C-288,evento,4,116.797549841,0.0008176085,197.1636724387,0.0092592593,0.1235361356,0.000232811,2,NA
C-289,evento,3,616.2779114923,3.3789246309107E-05,182.1867965368,0.0069444444,0.1141521282,0.0012284185,2,NA
C-290,evento,6,3057.9638203904,0.000040603,189.7827561328,0.0138888889,0.1189115013,0.0060953983,2,NA
C-291,evento,4,300.9047978377,9.78941216856532E-05,193.4271756022,0.0092592593,0.1211949722,0.0005997895,2,NA
C-292,evento,2,45.9539384052,0.0006266745,193.7351010101,0.0046296296,0.1213879079,9.15993701318945E-05,2,NA
C-293,evento,2,884,0.0005717636,193.2351010101,0.0046296296,0.1210746247,0.0017620654,2,NA
C-294,evento,2,45.9539384052,0.0006266745,193.7351010101,0.0046296296,0.1213879079,9.15993701318945E-05,2,NA
C-295,evento,6,3296.3539144852,6.83331165386671E-06,156.2566128316,0.0138888889,0.0979051459,0.0065705781,2,NA
C-296,evento,2,884,0.0005717636,193.2351010101,0.0046296296,0.1210746247,0.0017620654,2,NA
C-297,evento,10,7997.0402426362,3.08351692088268E-08,126.0481518482,0.0231481481,0.0789775388,0.0159403932,2,NA
C-298,evento,2,0.2,0,4,0.0046296296,0.0025062657,3.98657322139036E-07,14,NA
C-299,evento,2,0.2,0,4,0.0046296296,0.0025062657,3.98657322139036E-07,14,NA
C-300,evento,2,0.2,0,4,0.0046296296,0.0025062657,3.98657322139036E-07,14,NA
C-301,evento,2,0.2,0,4,0.0046296296,0.0025062657,3.98657322139036E-07,14,NA
C-302,evento,2,0.2,0,4,0.0046296296,0.0025062657,3.98657322139036E-07,14,NA
C-303,evento,3,71.0584118355,0.000781616,196.497005772,0.0069444444,0.1231184247,0.0001416398,2,NA
C-304,evento,3,929.9539384052,0.0006291999,194.4017676768,0.0069444444,0.1218056188,0.0018536647,2,NA
C-305,evento,2,32.6752187725,0.0007239008,195.8303391053,0.0046296296,0.1227007137,6.51310760806749E-05,2,NA
C-306,evento,8,6415.5287898486,9.4887247517512E-05,201.0141053391,0.0185185185,0.1259486876,0.0127879876,2,NA
C-307,evento,2,32.6752187725,0.0007239008,195.8303391053,0.0046296296,0.1227007137,6.51310760806749E-05,2,NA
C-308,evento,9,2367.6762483344,5.6009731310476E-05,181.3062160062,0.0208333333,0.113600386,0.0047194574,2,NA
C-309,evento,9,2367.6762483344,5.60097313104827E-05,181.3062160062,0.0208333333,0.113600386,0.0047194574,2,NA
C-310,evento,3,71.0584118355,0.000781616,196.497005772,0.0069444444,0.1231184247,0.0001416398,2,NA
C-311,evento,3,21.5160443643,0.0002481397,173.71002886,0.0069444444,0.1088408702,4.28876431465099E-05,2,NA
C-312,evento,5,10907.4436039279,0.0011712785,225.1615800866,0.0115740741,0.1410786843,0.0217416613,2,NA
C-313,evento,2,45.9539384052,0.0006266745,193.7351010101,0.0046296296,0.1213879079,9.15993701318945E-05,2,NA
C-314,evento,2,1,0,2,0.0046296296,0.0012531328,1.99328661069518E-06,7,NA
C-315,evento,6,30,0,7.1666666667,0.0138888889,0.0044903926,5.97985983208554E-05,3,NA
C-316,evento,6,788.1989232238,0.0001119837,198.1311438561,0.0138888889,0.1241423207,0.0015711064,2,NA
C-317,evento,2,902.8474736713,0.0054101321,204.3536796537,0.0046296296,0.1280411527,0.0017996338,2,NA
C-318,evento,2,3,0,2.8333333333,0.0046296296,0.0017752715,5.97985983208554E-06,10,NA
C-319,evento,2,690.5312503676,6.50396879576281E-05,188.2335497836,0.0046296296,0.1179408207,0.0013764267,2,NA
C-320,evento,4,406.1140693361,0.0007673003,197.1636724387,0.0092592593,0.1235361356,0.0008095017,2,NA
C-321,evento,6,1018.1126930512,0.0052543156,201.0898268398,0.0138888889,0.1259961321,0.0020293904,2,NA
C-322,evento,6,1018.1126930512,0.0052543156,201.0898268398,0.0138888889,0.1259961321,0.0020293904,2,NA
C-323,evento,3,64.1568918076,0.0006631764,194.1517676768,0.0069444444,0.1216489772,0.0001278831,2,NA
C-324,evento,3,362.9543991061,8.32758364211294E-05,191.650985126,0.0069444444,0.1200820709,0.0007234721,2,NA
C-325,evento,2,197.6145762142,7.70595249318274E-05,187.8537629038,0.0046296296,0.117702859,0.0003939025,2,NA
C-326,evento,2,344.1892779172,0.0044116956,201.4932900433,0.0046296296,0.1262489286,0.0006860679,2,NA
C-327,evento,2,344.1892779172,0.0044116956,201.4932900433,0.0046296296,0.1262489286,0.0006860679,2,NA
C-328,evento,3,1902.9760251689,0.0049811643,219.1742424242,0.0069444444,0.1373272196,0.0037931766,2,NA
C-329,evento,2,26.2874563186,0.000627184,193.4851010101,0.0046296296,0.1212312663,5.23984347091123E-05,2,NA
C-330,evento,5,1383.8956835915,0.0050444133,200.4231601732,0.0115740741,0.1255784212,0.0027585007,2,NA
C-331,evento,2,884,0.000000177,121.6215423465,0.0046296296,0.0762039739,0.0017620654,2,NA
C-332,evento,3,1902.9760251689,0.0049811643,219.1742424242,0.0069444444,0.1373272196,0.0037931766,2,NA
C-333,evento,2,30.2814915577,0.0007818883,194.5957070707,0.0046296296,0.1219271348,6.03596916738164E-05,2,NA
C-334,evento,2,30.2814915577,0.0007818883,194.5957070707,0.0046296296,0.1219271348,6.03596916738164E-05,2,NA
C-335,evento,6,896.2843358067,0.0010781656,202.2766594517,0.0138888889,0.1267397616,0.0017865516,2,NA
C-336,evento,3,1902.9760251689,0.0049811643,219.1742424242,0.0069444444,0.1373272196,0.0037931766,2,NA
C-337,evento,2,106.88318631,0.0047983913,198.4231601732,0.0046296296,0.1243252883,0.0002130488,2,NA
C-338,evento,2,30.2814915577,0.0007818883,194.5957070707,0.0046296296,0.1219271348,6.03596916738164E-05,2,NA
C-339,evento,2,30.2814915577,0.0007818883,194.5957070707,0.0046296296,0.1219271348,6.03596916738164E-05,2,NA
C-340,evento,2,30.2814915577,0.0007818883,194.5957070707,0.0046296296,0.1219271348,6.03596916738164E-05,2,NA
C-341,evento,4,1817.1736430926,6.68993363788201E-05,162.6342712843,0.0092592593,0.1019011725,0.0036221479,2,NA
C-342,evento,2,75.5769708401,6.70073754676441E-05,187.9132867133,0.0046296296,0.1177401546,0.0001506466,2,NA
C-343,evento,3,66.3440558086,0.0008396036,195.5123737374,0.0069444444,0.1225014873,0.0001322427,2,NA
C-344,evento,3,1709.0239409059,0.0048768635,219.1742424242,0.0069444444,0.1373272196,0.0034065745,2,NA
C-345,evento,3,1709.0239409059,0.0048768635,219.1742424242,0.0069444444,0.1373272196,0.0034065745,2,NA
C-346,evento,3,1709.0239409059,0.0048768635,219.1742424242,0.0069444444,0.1373272196,0.0034065745,2,NA
C-347,evento,3,1709.0239409059,0.0048768635,219.1742424242,0.0069444444,0.1373272196,0.0034065745,2,NA
C-348,evento,3,1709.0239409059,0.0048768635,219.1742424242,0.0069444444,0.1373272196,0.0034065745,2,NA
C-349,evento,3,3,0,3,0.0069444444,0.0018796992,5.97985983208554E-06,12,NA
C-350,evento,4,1658.0904515593,6.10115916382427E-05,188.6466200466,0.0092592593,0.1181996366,0.0033050495,2,NA
C-351,evento,3,79.7549995274,0.0008320196,196.497005772,0.0069444444,0.1231184247,0.0001589746,2,NA
C-352,evento,3,79.7549995274,0.0008320196,196.497005772,0.0069444444,0.1231184247,0.0001589746,2,NA
C-353,evento,2,1.25,3.52585495789241E-07,121.8715423465,0.0046296296,0.0763606155,2.49160826336897E-06,2,NA
C-354,evento,5,1102.7869493233,0.0028904301,212.5198773449,0.0115740741,0.1331578179,0.0021981705,2,NA
C-355,evento,2,151.725724406,0.0003644179,194.2980880231,0.0046296296,0.1217406567,0.0003024329,2,NA
C-356,evento,4,165.3660868289,0.0008892253,197.4136724387,0.0092592593,0.1236927772,0.000329622,2,NA
C-357,evento,5,1227.4459631119,7.94511143918809E-05,189.8537629038,0.0115740741,0.1189559918,0.0024466516,2,NA
C-358,evento,4,279.7059889498,0.0051497123,199.7564935065,0.0092592593,0.1251607102,0.0005575342,2,NA
C-359,evento,2,884,6.6655117564485E-05,138.5116133866,0.0046296296,0.0867867252,0.0017620654,2,NA
C-360,evento,5,3629.1299078092,0.0788099076,250.1357142857,0.0115740741,0.156726638,0.0072338961,2,NA
C-361,evento,2,11.0072970419,0.0087720661,199.9231601732,0.0046296296,0.125265138,2.1940697813588E-05,2,NA
C-362,evento,2,1,0,2,0.0046296296,0.0012531328,1.99328661069518E-06,25,NA
C-363,evento,3,891.6371962187,0.0017058885,219.3913059163,0.0069444444,0.1374632243,0.0017772885,2,NA
C-364,evento,3,70.9664910668,0.0001799824,153.2211760462,0.0069444444,0.0960032431,0.0001414566,2,NA
C-365,evento,3,1723.6013341515,2.38557630395054E-05,160.9252525253,0.0069444444,0.1008303587,0.0034356315,2,NA
C-366,evento,5,616.2896588654,0.0001074416,197.4644771895,0.0115740741,0.1237246098,0.0012284419,2,NA
C-367,evento,3,1185.7677092414,6.72522499261411E-05,169.1822510823,0.0069444444,0.1060039167,0.0023635749,2,NA
C-368,evento,2,32.6752187725,0.0007239008,195.8303391053,0.0046296296,0.1227007137,6.51310760806749E-05,2,NA
C-369,evento,2,23.8564226852,0.0002116378,174.4505050505,0.0046296296,0.1093048277,4.75526879173986E-05,2,NA
C-370,evento,2,1,0,2,0.0046296296,0.0012531328,1.99328661069518E-06,22,NA
C-371,evento,2,32.6752187725,0.0007239008,195.8303391053,0.0046296296,0.1227007137,6.51310760806749E-05,2,NA
C-372,evento,2,237.1525533639,0.0054788453,205.0036796537,0.0046296296,0.1284484208,0.000472713,2,NA
C-373,evento,2,462.6752618113,0.0046605778,199.4064935065,0.0046296296,0.124941412,0.0009222444,2,NA
C-374,evento,2,0.5,0,2.5,0.0046296296,0.001566416,9.96643305347589E-07,27,NA
C-375,evento,2,32.6752187725,0.0007239008,195.8303391053,0.0046296296,0.1227007137,6.51310760806749E-05,2,NA
C-376,evento,2,1320,0.0005741052,193.6184343434,0.0046296296,0.1213148085,0.0026311383,2,NA
C-377,evento,2,220.25,4.2843574675132E-05,166.9645382395,0.0046296296,0.1046143723,0.0004390214,2,NA
C-378,evento,2,220.25,4.28435746751302E-05,166.9645382395,0.0046296296,0.1046143723,0.0004390214,2,NA
C-379,evento,2,220.25,4.28435746751328E-05,166.9645382395,0.0046296296,0.1046143723,0.0004390214,2,NA
C-380,evento,2,220.25,4.28435746751329E-05,166.9645382395,0.0046296296,0.1046143723,0.0004390214,2,NA
C-381,evento,2,32.6752187725,0.0007239008,195.8303391053,0.0046296296,0.1227007137,6.51310760806749E-05,2,NA
C-382,evento,2,3,0,2.8333333333,0.0046296296,0.0017752715,5.97985983208554E-06,26,NA
C-383,evento,2,85.4263781221,5.64288162578506E-05,154.5596681097,0.0046296296,0.0968418973,0.0001702793,2,NA
C-384,evento,4,2951.5871113974,4.26784502471689E-05,169.6788239538,0.0092592593,0.1063150526,0.0058833591,2,NA
C-385,evento,3,3.5,0,4.3333333333,0.0069444444,0.0027151211,6.97650313743313E-06,28,NA
C-386,evento,2,106.88318631,0.0047983913,198.4231601732,0.0046296296,0.1243252883,0.0002130488,2,NA
C-387,evento,2,1,0,2,0.0046296296,0.0012531328,1.99328661069518E-06,19,NA
C-388,evento,2,3,0,2.8333333333,0.0046296296,0.0017752715,5.97985983208554E-06,10,NA
C-389,evento,5,2850.1462187875,0.000480569,200.2555916306,0.0115740741,0.1254734283,0.0056811583,2,NA
C-390,evento,4,14245.1534527302,0.0707765863,240.187012987,0.0092592593,0.1504931159,0.0283946736,2,NA
C-391,evento,2,884,6.05936983755921E-05,161.3009379509,0.0046296296,0.1010657506,0.0017620654,2,NA
C-392,evento,5,2494.1462021602,0.000583465,187.3691197691,0.0115740741,0.1173991979,0.0049715482,2,NA
C-393,evento,3,422.3531579205,0.0137215315,218.2857142857,0.0069444444,0.1367704977,0.0008418709,2,NA
C-394,evento,3,299.5875603943,0.0011076525,173.3554112554,0.0069444444,0.1086186787,0.0005971639,2,NA
C-395,evento,5,2675.7635910811,4.5817173661174E-05,148.1746003996,0.0115740741,0.0928412283,0.0053335637,2,NA
C-396,evento,2,30.2814915577,0.0007818883,194.5957070707,0.0046296296,0.1219271348,6.03596916738164E-05,2,NA
C-397,evento,5,4297.1271894902,0.0012548094,216.2246392496,0.0115740741,0.1354790973,0.0085654061,2,NA
C-398,evento,6,3951.0199092943,2.42288730798313E-05,162.9252525253,0.0138888889,0.1020834916,0.0078755151,2,NA
C-399,evento,2,30.2814915577,0.0007818883,194.5957070707,0.0046296296,0.1219271348,6.03596916738164E-05,2,NA
C-400,evento,7,3772.3858270234,0.00010832,200.1787629038,0.0162037037,0.12542529,0.0075194462,2,NA
C-401,evento,4,1770.1463566763,0.0002042642,167.5905483405,0.0092592593,0.1050066092,0.003528409,2,NA
C-402,evento,2,45.9539384052,0.0006266745,193.7351010101,0.0046296296,0.1213879079,9.15993701318945E-05,2,NA
C-403,evento,2,45.9539384052,0.0006266745,193.7351010101,0.0046296296,0.1213879079,9.15993701318945E-05,2,NA
C-404,evento,2,45.9539384052,0.0006266745,193.7351010101,0.0046296296,0.1213879079,9.15993701318945E-05,2,NA
C-405,evento,2,45.9539384052,0.0006266745,193.7351010101,0.0046296296,0.1213879079,9.15993701318945E-05,2,NA
C-406,evento,5,9468.1079372609,0.0017853862,226.6889249639,0.0115740741,0.1420356673,0.0188726528,2,NA
C-407,evento,3,1367.4539384053,0.0006317664,194.7851010101,0.0069444444,0.1220458026,0.0027257276,2,NA
C-408,evento,3,2024.1883961602,0.0012678526,202.6222582973,0.0069444444,0.1269563022,0.0040347876,2,NA
C-409,evento,2,26.2874563186,0.000627184,193.4851010101,0.0046296296,0.1212312663,5.23984347091123E-05,2,NA
C-410,evento,7,8364.4640973537,0.0828591039,260.3095238095,0.0162037037,0.1631012054,0.0166727743,2,NA
C-411,evento,2,32.9080024173,0.0045290629,186.6620851371,0.0046296296,0.1169561937,6.5595080603106E-05,2,NA
C-412,evento,2,0.4142125759,0.1235233074,203.4870851371,0.0046296296,0.1274981736,8.25644381609406E-07,2,NA
C-413,evento,4,113.0485411772,1.51679017650161E-05,172.2737012987,0.0092592593,0.1079409156,0.0002253381,2,NA
C-414,evento,2,0.4142125759,0.1235233074,203.4870851371,0.0046296296,0.1274981736,8.25644381609406E-07,2,NA
C-415,evento,2,32.6752187725,0.0007239008,195.8303391053,0.0046296296,0.1227007137,6.51310760806749E-05,2,NA
C-416,evento,5,3051.8471542585,0.005234042,223.9456709957,0.0115740741,0.1403168365,0.0060832061,2,NA
C-417,evento,4,1155.6287528448,7.23547027429687E-05,197.0045815296,0.0092592593,0.1234364546,0.0023034993,2,NA
C-418,evento,4,1155.6287528448,7.23547027429702E-05,197.0045815296,0.0092592593,0.1234364546,0.0023034993,2,NA
C-419,evento,4,1155.6287528448,7.23547027429559E-05,197.0045815296,0.0092592593,0.1234364546,0.0023034993,2,NA
C-420,evento,2,106.88318631,0.0047983913,198.4231601732,0.0046296296,0.1243252883,0.0002130488,2,NA
C-421,evento,3,1367.4539384053,0.0006317664,194.7851010101,0.0069444444,0.1220458026,0.0027257276,2,NA
C-422,evento,2,0.4142125759,0.1235233074,203.4870851371,0.0046296296,0.1274981736,8.25644381609406E-07,2,NA
C-423,evento,2,54.2872778904,0.0006072012,169.5977633478,0.0046296296,0.1062642627,0.0001082101,2,NA
C-424,evento,2,97.8260593711,0.0017675732,167.3433261183,0.0046296296,0.1048517081,0.0001949954,2,NA
C-425,evento,4,1289.5029743603,0.0008746421,198.950036075,0.0092592593,0.1246554111,0.002570349,2,NA
C-426,evento,4,6174.2138017929,2.50120657088643E-07,132.0833028083,0.0092592593,0.0827589617,0.0123069777,2,NA
C-427,evento,2,26.2874563186,0.000627184,193.4851010101,0.0046296296,0.1212312663,5.23984347091123E-05,2,NA
C-428,evento,2,0.4142125759,0.1235233074,203.4870851371,0.0046296296,0.1274981736,8.25644381609406E-07,2,NA
C-429,evento,6,4410,2.36586094642293E-07,110.8436008436,0.0138888889,0.0694508777,0.008790394,2,NA
C-430,evento,2,30.2814915577,0.0007818883,194.5957070707,0.0046296296,0.1219271348,6.03596916738164E-05,2,NA
C-431,evento,2,289.2720786186,3.41964076752601E-05,176.1748917749,0.0046296296,0.1103852705,0.0005766022,2,NA
C-432,evento,2,0.4142125759,0.1235233074,203.4870851371,0.0046296296,0.1274981736,8.25644381609406E-07,2,NA
C-433,evento,2,0.125,0,5.5,0.0046296296,0.0034461153,2.49160826336897E-07,9,NA
C-434,evento,2,0.4142125759,0.1235233074,203.4870851371,0.0046296296,0.1274981736,8.25644381609406E-07,2,NA
C-435,evento,3,799.1697565893,3.44671418022229E-05,176.8415584416,0.0069444444,0.1108029815,0.0015929744,2,NA
C-436,evento,2,0.4142125759,0.1235233074,203.4870851371,0.0046296296,0.1274981736,8.25644381609406E-07,2,NA
C-437,evento,2,0.4142125759,0.1235233074,203.4870851371,0.0046296296,0.1274981736,8.25644381609406E-07,2,NA
C-438,evento,3,150.3255514536,0.000880334,198.2933261183,0.0069444444,0.1242439387,0.0002996419,2,NA
C-439,evento,2,38.1045273854,1.21607396961915E-05,170.0403679654,0.0046296296,0.1065415839,7.59532442440946E-05,2,NA
C-440,evento,3,1712.5981982281,4.51535227442145E-08,127.5294538795,0.0069444444,0.0799056729,0.0034136991,2,NA
C-441,evento,2,131.3383797739,1.09952376651358E-05,169.0022727273,0.0046296296,0.1058911483,0.000261795,2,NA
C-442,evento,9,28112.5728992807,0.0041084074,240.7468614719,0.0208333333,0.1508438982,0.0560364152,2,NA
C-443,evento,2,4.4037276015,6.76528583999104E-06,134.0608807859,0.0046296296,0.0839980456,8.77789126519127E-06,2,NA
C-444,evento,2,0.4142125759,0.1235233074,203.4870851371,0.0046296296,0.1274981736,8.25644381609406E-07,2,NA
C-445,evento,6,1011.7149367199,0.0001089359,198.1311438561,0.0138888889,0.1241423207,0.0020166378,2,NA
C-446,evento,2,0.4142125759,0.1235233074,203.4870851371,0.0046296296,0.1274981736,8.25644381609406E-07,2,NA
C-447,evento,5,132.856586743,5.0528069091858E-05,174.9304223554,0.0115740741,0.1096055278,0.0002648213,2,NA
C-448,evento,3,2204,0.0005764188,194.2851010101,0.0069444444,0.1217325194,0.0043932037,2,NA
C-449,evento,2,175.9333333333,1.79879587640407E-07,121.4882090132,0.0046296296,0.0761204317,0.0003506856,2,NA
C-450,evento,2,539.9402333327,6.77287578285443E-05,191.8402958153,0.0046296296,0.1202006866,0.0010762556,2,NA
C-451,evento,4,919.0896806549,7.74614974372683E-05,199.3684704185,0.0092592593,0.124917588,0.0018320092,2,NA
C-452,evento,4,919.0896806549,7.74614974372688E-05,199.3684704185,0.0092592593,0.124917588,0.0018320092,2,NA
C-453,evento,4,919.0896806549,7.74614974372677E-05,199.3684704185,0.0092592593,0.124917588,0.0018320092,2,NA
C-454,evento,4,3842.0678471202,0.000039318,182.2246392496,0.0092592593,0.1141758391,0.0076583424,2,NA
C-455,evento,2,1,0,2,0.0046296296,0.0012531328,1.99328661069518E-06,5,NA
C-456,evento,6,2285.8471680815,8.76140783989683E-05,203.3684704185,0.0138888889,0.1274238536,0.0045563486,2,NA
C-457,evento,5,1152.3194202353,7.63014831877393E-05,192.7938422688,0.0115740741,0.1207981468,0.0022969029,2,NA
C-458,evento,3,169.5341599999,0.0049863619,199.0898268398,0.0069444444,0.1247429993,0.0003379302,2,NA
C-459,evento,2,0.4142125759,0.1235233074,203.4870851371,0.0046296296,0.1274981736,8.25644381609406E-07,2,NA
C-460,evento,2,0.4142125759,0.1235233074,203.4870851371,0.0046296296,0.1274981736,8.25644381609406E-07,2,NA
C-461,evento,2,0.4142125759,0.1235233074,203.4870851371,0.0046296296,0.1274981736,8.25644381609406E-07,2,NA
C-462,evento,2,0.4142125759,0.1235233074,203.4870851371,0.0046296296,0.1274981736,8.25644381609406E-07,2,NA
C-463,evento,2,0.4142125759,0.1235233074,203.4870851371,0.0046296296,0.1274981736,8.25644381609406E-07,2,NA
C-464,evento,2,0.4142125759,0.1235233074,203.4870851371,0.0046296296,0.1274981736,8.25644381609406E-07,2,NA
C-465,evento,4,11332.4885705535,0.1253703161,245.0786075036,0.0092592593,0.1535580248,0.0225888977,2,NA
C-466,evento,2,0.4142125759,0.1235233074,203.4870851371,0.0046296296,0.1274981736,8.25644381609406E-07,2,NA
C-467,evento,3,1834.3343805274,6.36574426037974E-05,177.3516955267,0.0069444444,0.1111226162,0.0036563542,2,NA
C-468,evento,3,1125.4406442296,1.33637911915994E-06,142.2945110445,0.0069444444,0.0891569618,0.0022433258,2,NA
C-469,evento,2,884,0.000000199,123.2794316794,0.0046296296,0.0772427517,0.0017620654,2,NA
C-470,evento,2,0.4142125759,0.1235233074,203.4870851371,0.0046296296,0.1274981736,8.25644381609406E-07,2,NA
C-471,evento,2,60.0947503099,0.0003157446,153.8398629149,0.0046296296,0.0963908916,0.0001197861,2,NA
C-472,evento,2,0.4142125759,0.1235233074,203.4870851371,0.0046296296,0.1274981736,8.25644381609406E-07,2,NA
C-473,evento,2,0.4142125759,0.1235233074,203.4870851371,0.0046296296,0.1274981736,8.25644381609406E-07,2,NA
C-474,evento,2,0.4142125759,0.1235233074,203.4870851371,0.0046296296,0.1274981736,8.25644381609406E-07,2,NA
C-475,evento,2,0.4142125759,0.1235233074,203.4870851371,0.0046296296,0.1274981736,8.25644381609406E-07,2,NA
C-476,evento,2,0.4142125759,0.1235233074,203.4870851371,0.0046296296,0.1274981736,8.25644381609406E-07,2,NA
C-477,evento,2,0.4142125759,0.1235233074,203.4870851371,0.0046296296,0.1274981736,8.25644381609406E-07,2,NA
C-478,evento,2,0.4142125759,0.1235233074,203.4870851371,0.0046296296,0.1274981736,8.25644381609406E-07,2,NA
C-479,evento,2,0.4142125759,0.1235233074,203.4870851371,0.0046296296,0.1274981736,8.25644381609406E-07,2,NA
C-480,evento,4,1553.5071788011,0.0008841548,199.459992785,0.0092592593,0.1249749328,0.0030965851,2,NA
C-481,evento,2,0.4142125759,0.1235233074,203.4870851371,0.0046296296,0.1274981736,8.25644381609406E-07,2,NA
C-482,evento,2,441.5,9.029143950288E-10,90.4641552892,0.0046296296,0.0566818016,0.000880036,2,NA
C-483,evento,5,1934.4648653592,0.005029198,200.4231601732,0.0115740741,0.1255784212,0.0038559429,2,NA
C-484,evento,2,0.4142125759,0.1235233074,203.4870851371,0.0046296296,0.1274981736,8.25644381609406E-07,2,NA
C-485,evento,2,0.4142125759,0.1235233074,203.4870851371,0.0046296296,0.1274981736,8.25644381609406E-07,2,NA
C-486,evento,2,0.4142125759,0.1235233074,203.4870851371,0.0046296296,0.1274981736,8.25644381609406E-07,2,NA
C-487,evento,2,0.4142125759,0.1235233074,203.4870851371,0.0046296296,0.1274981736,8.25644381609406E-07,2,NA
C-488,evento,9,15944.1414878219,0.1441828459,262.1047619048,0.0208333333,0.1642260413,0.0317812437,2,NA
C-489,evento,2,1,0,2,0.0046296296,0.0012531328,1.99328661069518E-06,17,NA
C-490,evento,2,0.4142125759,0.1235233074,203.4870851371,0.0046296296,0.1274981736,8.25644381609406E-07,2,NA
C-491,evento,3,693.5558203707,0.0003184814,160.5317099567,0.0069444444,0.1005837782,0.0013824555,2,NA
C-492,evento,3,693.5558203707,0.0003184814,160.5317099567,0.0069444444,0.1005837782,0.0013824555,2,NA
C-493,evento,5,10418.1802615322,0.0055463722,210.2116161616,0.0115740741,0.1317115389,0.0207664192,2,NA
C-494,evento,2,0.4142125759,0.1235233074,203.4870851371,0.0046296296,0.1274981736,8.25644381609406E-07,2,NA
C-495,evento,10,43333.1579278953,0.1458549696,280.2829365079,0.0231481481,0.175615875,0.0863754035,2,NA
C-496,evento,2,30.2814915577,0.0007818883,194.5957070707,0.0046296296,0.1219271348,6.03596916738164E-05,2,NA
C-497,evento,2,0.4142125759,0.1235233074,203.4870851371,0.0046296296,0.1274981736,8.25644381609406E-07,2,NA
C-498,evento,2,32.6752187725,0.0007239008,195.8303391053,0.0046296296,0.1227007137,6.51310760806749E-05,2,NA
C-499,evento,2,0.4142125759,0.1235233074,203.4870851371,0.0046296296,0.1274981736,8.25644381609406E-07,2,NA
C-500,evento,2,0.4142125759,0.1235233074,203.4870851371,0.0046296296,0.1274981736,8.25644381609406E-07,2,NA
C-501,evento,6,22429.0435131861,0.0014309325,225.2547619048,0.0138888889,0.1411370689,0.0447075121,2,NA
C-502,evento,2,0.4142125759,0.1235233074,203.4870851371,0.0046296296,0.1274981736,8.25644381609406E-07,2,NA
C-503,evento,2,0.4142125759,0.1235233074,203.4870851371,0.0046296296,0.1274981736,8.25644381609406E-07,2,NA
C-504,evento,2,0.4142125759,0.1235233074,203.4870851371,0.0046296296,0.1274981736,8.25644381609406E-07,2,NA
C-505,evento,2,0.4142125759,0.1235233074,203.4870851371,0.0046296296,0.1274981736,8.25644381609406E-07,2,NA
C-506,evento,2,0.4142125759,0.1235233074,203.4870851371,0.0046296296,0.1274981736,8.25644381609406E-07,2,NA
C-507,evento,2,0.4142125759,0.1235233074,203.4870851371,0.0046296296,0.1274981736,8.25644381609406E-07,2,NA
C-508,evento,2,0.4142125759,0.1235233074,203.4870851371,0.0046296296,0.1274981736,8.25644381609406E-07,2,NA
C-509,evento,2,1,0,2,0.0046296296,0.0012531328,1.99328661069518E-06,13,NA
C-510,evento,2,85.4263781221,5.64288162578498E-05,154.5596681097,0.0046296296,0.0968418973,0.0001702793,2,NA
C-511,evento,2,0.4142125759,0.1235233074,203.4870851371,0.0046296296,0.1274981736,8.25644381609406E-07,2,NA
C-512,evento,2,7043.270850363,5.86537846240112E-05,187.4132867133,0.0046296296,0.1174268714,0.0140392575,2,NA
C-513,evento,3,2409.8085147027,9.85845494579008E-05,179.3254329004,0.0069444444,0.1123592938,0.004803439,2,NA
C-514,evento,3,1722.6718153151,4.5215285862579E-05,168.8121572872,0.0069444444,0.1057720284,0.0034337787,2,NA
C-515,evento,2,884,0.0007549891,172.4387445887,0.0046296296,0.1080443262,0.0017620654,2,NA
C-516,evento,2,0.3333333333,4.43161869412382E-05,137.7378038628,0.0046296296,0.0863018821,6.64428870231726E-07,2,NA
C-517,evento,2,0.4142125759,0.1235233074,203.4870851371,0.0046296296,0.1274981736,8.25644381609406E-07,2,NA
C-518,evento,2,0.4142125759,0.1235233074,203.4870851371,0.0046296296,0.1274981736,8.25644381609406E-07,2,NA
C-519,evento,2,32.4889975153,4.63346931071493E-05,145.9094877345,0.0046296296,0.0914219848,6.47598837422467E-05,2,NA
C-520,evento,2,0.4142125759,0.1235233074,203.4870851371,0.0046296296,0.1274981736,8.25644381609406E-07,2,NA
C-521,evento,2,0.3333333333,0,3.6666666667,0.0046296296,0.0022974102,6.64428870231726E-07,16,NA
C-522,evento,2,0.4142125759,0.1235233074,203.4870851371,0.0046296296,0.1274981736,8.25644381609406E-07,2,NA
C-523,evento,2,0.3333333333,0,3.6666666667,0.0046296296,0.0022974102,6.64428870231726E-07,16,NA
C-524,evento,2,884,3.84183359753576E-07,130.1044816295,0.0046296296,0.0815190988,0.0017620654,2,NA
C-525,evento,4,977.6801532354,0.0011122746,176.6727633478,0.0092592593,0.1106972201,0.0019487968,2,NA
C-526,evento,2,0.4142125759,0.1235233074,203.4870851371,0.0046296296,0.1274981736,8.25644381609406E-07,2,NA
C-527,evento,2,0.4142125759,0.1235233074,203.4870851371,0.0046296296,0.1274981736,8.25644381609406E-07,2,NA
C-528,evento,2,0.3333333333,4.43161869412375E-05,137.7378038628,0.0046296296,0.0863018821,6.64428870231726E-07,2,NA
C-529,evento,2,0.4142125759,0.1235233074,203.4870851371,0.0046296296,0.1274981736,8.25644381609406E-07,2,NA
C-530,evento,2,0.4142125759,0.1235233074,203.4870851371,0.0046296296,0.1274981736,8.25644381609406E-07,2,NA
C-531,evento,2,0.4142125759,0.1235233074,203.4870851371,0.0046296296,0.1274981736,8.25644381609406E-07,2,NA
C-532,evento,2,0.4142125759,0.1235233074,203.4870851371,0.0046296296,0.1274981736,8.25644381609406E-07,2,NA
C-533,evento,2,1,0,2,0.0046296296,0.0012531328,1.99328661069518E-06,29,NA
C-534,evento,2,0.4142125759,0.1235233074,203.4870851371,0.0046296296,0.1274981736,8.25644381609406E-07,2,NA
C-535,evento,3,3552.9320012515,9.49501327253673E-05,186.0707792208,0.0069444444,0.1165857013,0.0070820118,2,NA
C-536,evento,2,0.4142125759,0.1235233074,203.4870851371,0.0046296296,0.1274981736,8.25644381609406E-07,2,NA
C-537,evento,2,0.4142125759,0.1235233074,203.4870851371,0.0046296296,0.1274981736,8.25644381609406E-07,2,NA
C-538,evento,2,0.5,0,2.5,0.0046296296,0.001566416,9.96643305347589E-07,27,NA
C-539,evento,3,150.3255514536,0.000880334,198.2933261183,0.0069444444,0.1242439387,0.0002996419,2,NA
C-540,evento,2,0.4142125759,0.1235233074,203.4870851371,0.0046296296,0.1274981736,8.25644381609406E-07,2,NA
C-541,evento,2,0.4142125759,0.1235233074,203.4870851371,0.0046296296,0.1274981736,8.25644381609406E-07,2,NA
C-542,evento,2,0.4142125759,0.1235233074,203.4870851371,0.0046296296,0.1274981736,8.25644381609406E-07,2,NA
C-543,evento,2,0.4142125759,0.1235233074,203.4870851371,0.0046296296,0.1274981736,8.25644381609406E-07,2,NA
C-544,evento,2,0.4142125759,0.1235233074,203.4870851371,0.0046296296,0.1274981736,8.25644381609406E-07,2,NA
C-545,evento,2,0.4142125759,0.1235233074,203.4870851371,0.0046296296,0.1274981736,8.25644381609406E-07,2,NA
C-546,evento,3,1767,0.0005740771,193.9017676768,0.0069444444,0.1214923356,0.0035221374,2,NA
C-547,evento,2,0.4142125759,0.1235233074,203.4870851371,0.0046296296,0.1274981736,8.25644381609406E-07,2,NA
C-548,evento,4,9.3333333333,0,5,0.0092592593,0.0031328321,0.000018604,16,NA
C-549,evento,2,0.4142125759,0.1235233074,203.4870851371,0.0046296296,0.1274981736,8.25644381609406E-07,2,NA
C-550,evento,2,0.4142125759,0.1235233074,203.4870851371,0.0046296296,0.1274981736,8.25644381609406E-07,2,NA
C-551,evento,2,0.4142125759,0.1235233074,203.4870851371,0.0046296296,0.1274981736,8.25644381609406E-07,2,NA
C-552,evento,2,0.4142125759,0.1235233074,203.4870851371,0.0046296296,0.1274981736,8.25644381609406E-07,2,NA
C-553,evento,2,0.4142125759,0.1235233074,203.4870851371,0.0046296296,0.1274981736,8.25644381609406E-07,2,NA
C-554,evento,2,0.4142125759,0.1235233074,203.4870851371,0.0046296296,0.1274981736,8.25644381609406E-07,2,NA
C-555,evento,2,0.4142125759,0.1235233074,203.4870851371,0.0046296296,0.1274981736,8.25644381609406E-07,2,NA
C-556,evento,2,0.4142125759,0.1235233074,203.4870851371,0.0046296296,0.1274981736,8.25644381609406E-07,2,NA
C-557,evento,2,0.4142125759,0.1235233074,203.4870851371,0.0046296296,0.1274981736,8.25644381609406E-07,2,NA
C-558,evento,2,294,2.54664147424574E-05,148.0097041847,0.0046296296,0.0927379099,0.0005860263,2,NA
C-559,evento,2,306.2631476806,0.0053713855,208.6333694084,0.0046296296,0.1307226625,0.0006104702,2,NA
C-560,evento,2,0.4142125759,0.1235233074,203.4870851371,0.0046296296,0.1274981736,8.25644381609406E-07,2,NA
C-561,evento,2,0.4142125759,0.1235233074,203.4870851371,0.0046296296,0.1274981736,8.25644381609406E-07,2,NA
C-562,evento,2,0.4142125759,0.1235233074,203.4870851371,0.0046296296,0.1274981736,8.25644381609406E-07,2,NA
C-563,evento,2,0.4142125759,0.1235233074,203.4870851371,0.0046296296,0.1274981736,8.25644381609406E-07,2,NA
C-564,evento,2,884,4.65520357925287E-06,130.6952214452,0.0046296296,0.0818892365,0.0017620654,2,NA
C-565,evento,2,0.4142125759,0.1235233074,203.4870851371,0.0046296296,0.1274981736,8.25644381609406E-07,2,NA
C-566,evento,2,0.4142125759,0.1235233074,203.4870851371,0.0046296296,0.1274981736,8.25644381609406E-07,2,NA
C-567,evento,4,4892.9879641619,0.0728595511,245.5551948052,0.0092592593,0.1538566383,0.0097531274,2,NA
C-568,evento,2,0.4142125759,0.1235233074,203.4870851371,0.0046296296,0.1274981736,8.25644381609406E-07,2,NA
C-569,evento,5,132.856586743,5.05280690918633E-05,174.9304223554,0.0115740741,0.1096055278,0.0002648213,2,NA
C-570,evento,6,1181.6957225612,6.12525726300255E-05,187.8705266955,0.0138888889,0.1177133626,0.0023554583,2,NA
C-571,evento,2,0.4142125759,0.1235233074,203.4870851371,0.0046296296,0.1274981736,8.25644381609406E-07,2,NA
C-572,evento,2,0.4142125759,0.1235233074,203.4870851371,0.0046296296,0.1274981736,8.25644381609406E-07,2,NA
C-573,evento,5,132.856586743,5.05280690918653E-05,174.9304223554,0.0115740741,0.1096055278,0.0002648213,2,NA
C-574,evento,5,132.856586743,5.05280690918652E-05,174.9304223554,0.0115740741,0.1096055278,0.0002648213,2,NA
C-575,evento,2,32.6752187725,0.0007239008,195.8303391053,0.0046296296,0.1227007137,6.51310760806749E-05,2,NA
C-576,evento,3,916.6752187725,0.000726818,196.497005772,0.0069444444,0.1231184247,0.0018271964,2,NA
C-577,evento,9,3158.631048107,0.00009744,197.800985126,0.0208333333,0.1239354543,0.006296057,2,NA
C-578,evento,2,294,2.54664147424552E-05,148.0097041847,0.0046296296,0.0927379099,0.0005860263,2,NA
C-579,evento,2,294,2.5466414742456E-05,148.0097041847,0.0046296296,0.0927379099,0.0005860263,2,NA
C-580,evento,4,2649,2.86650745323908E-05,167.7968614719,0.0092592593,0.1051358781,0.0052802162,2,NA
C-581,evento,2,0.125,0,5.5,0.0046296296,0.0034461153,2.49160826336897E-07,9,NA
C-582,evento,2,0.4142125759,0.1235233074,203.4870851371,0.0046296296,0.1274981736,8.25644381609406E-07,2,NA
C-583,evento,2,884,5.11245495344133E-06,130.8618881119,0.0046296296,0.0819936642,0.0017620654,2,NA
